value,time,place
5000023807.892969,1664126100,aka-ztzq-fjlydkdc
5000024267.092969,1664160600,aka-ztzq-fjlydkdc
5000023946.906641,1664160300,aka-ztzq-fjlydkdc
5000023568.026953,1664210100,aka-ztzq-fjlydkdc
5000024520.613281,1664209500,aka-ztzq-fjlydkdc
5000023709.599609,1664218500,aka-ztzq-fjlydkdc
5000023825.919922,1664137200,aka-ztzq-fjlydkdc
5000023765.946875,1664109900,aka-ztzq-fjlydkdc
5000023610.693359,1664130000,aka-ztzq-fjlydkdc
5000023742.400391,1664235300,aka-ztzq-fjlydkdc
5000023599.813281,1664172900,aka-ztzq-fjlydkdc
5000023508.853125,1664136000,aka-ztzq-fjlydkdc
5000023410.346484,1664118000,aka-ztzq-fjlydkdc
5106982347.2,1663764000,aka-ztzq-fjlydkdc
5000024022.373438,1664117100,aka-ztzq-fjlydkdc
5000023693.413281,1664156700,aka-ztzq-fjlydkdc
5000023617.040235,1664188500,aka-ztzq-fjlydkdc
5000023714.10625,1664129700,aka-ztzq-fjlydkdc
5000023709.89375,1664112000,aka-ztzq-fjlydkdc
5000024368.4,1664185200,aka-ztzq-fjlydkdc
5000024268.159765,1664125800,aka-ztzq-fjlydkdc
5000023643.146875,1664145300,aka-ztzq-fjlydkdc
5000023478.933203,1664141400,aka-ztzq-fjlydkdc
5000023607.519922,1664106600,aka-ztzq-fjlydkdc
5000024297.733203,1664237400,aka-ztzq-fjlydkdc
5000023477.840235,1664240400,aka-ztzq-fjlydkdc
5000023540.906641,1664154000,aka-ztzq-fjlydkdc
5000024139.519922,1664196900,aka-ztzq-fjlydkdc
5000024454.479688,1664168100,aka-ztzq-fjlydkdc
5000023772.986328,1664136300,aka-ztzq-fjlydkdc
5097377419.2,1663765500,aka-ztzq-fjlydkdc
5122216108.8,1663766100,aka-ztzq-fjlydkdc
5000024506.907031,1664183400,aka-ztzq-fjlydkdc
5000023866.000391,1664184600,aka-ztzq-fjlydkdc
5000023520.39961,1664226300,aka-ztzq-fjlydkdc
5037979676.4,1663759500,aka-ztzq-fjlydkdc
5000023501.413281,1664163900,aka-ztzq-fjlydkdc
5000024136.240234,1664204100,aka-ztzq-fjlydkdc
5000024450.026953,1664137500,aka-ztzq-fjlydkdc
5000023444.346484,1664218800,aka-ztzq-fjlydkdc
5000023546.053515,1664212800,aka-ztzq-fjlydkdc
5000024276.560156,1664217600,aka-ztzq-fjlydkdc
5000024013.173437,1664145600,aka-ztzq-fjlydkdc
5000023682.0,1664133300,aka-ztzq-fjlydkdc
5000023853.173437,1664200800,aka-ztzq-fjlydkdc
5000023441.6,1664223300,aka-ztzq-fjlydkdc
5000023479.680469,1664174700,aka-ztzq-fjlydkdc
5000023985.733594,1664223900,aka-ztzq-fjlydkdc
5000024216.373047,1664172600,aka-ztzq-fjlydkdc
5000024065.573047,1664133000,aka-ztzq-fjlydkdc
5000024165.173047,1664176200,aka-ztzq-fjlydkdc
5005834068.35,1663747200,aka-ztzq-fjlydkdc
5000024331.2,1664169000,aka-ztzq-fjlydkdc
5000023469.573438,1664155200,aka-ztzq-fjlydkdc
5000023175.040235,1664228100,aka-ztzq-fjlydkdc
5000023925.492969,1664127600,aka-ztzq-fjlydkdc
5000024371.946875,1664205900,aka-ztzq-fjlydkdc
5000024212.000391,1664211300,aka-ztzq-fjlydkdc
5000023662.933594,1664213400,aka-ztzq-fjlydkdc
5000024359.786718,1664119500,aka-ztzq-fjlydkdc
5000023952.133594,1664138400,aka-ztzq-fjlydkdc
5000024645.680079,1664241000,aka-ztzq-fjlydkdc
5000024034.666407,1664142000,aka-ztzq-fjlydkdc
5000023823.49375,1664130900,aka-ztzq-fjlydkdc
5000024241.413281,1664186100,aka-ztzq-fjlydkdc
5000024233.359766,1664175300,aka-ztzq-fjlydkdc
5000023823.946485,1664147700,aka-ztzq-fjlydkdc
5000023457.173437,1664165700,aka-ztzq-fjlydkdc
5000023381.439844,1664182800,aka-ztzq-fjlydkdc
5000023645.146484,1664175900,aka-ztzq-fjlydkdc
5011643320.0,1663749300,aka-ztzq-fjlydkdc
5000024173.333203,1664131200,aka-ztzq-fjlydkdc
5025552236.8,1663755900,aka-ztzq-fjlydkdc
5000023926.933203,1664213100,aka-ztzq-fjlydkdc
5000024440.266797,1664241900,aka-ztzq-fjlydkdc
5000023825.8667965,1664180400,aka-ztzq-fjlydkdc
5000023429.919922,1664145000,aka-ztzq-fjlydkdc
5098296315.2,1663763400,aka-ztzq-fjlydkdc
5010211090.9,1663752900,aka-ztzq-fjlydkdc
5000023298.666797,1664140500,aka-ztzq-fjlydkdc
5000023753.146484,1664159400,aka-ztzq-fjlydkdc
5000024350.160156,1664158200,aka-ztzq-fjlydkdc
5000023588.266797,1664116200,aka-ztzq-fjlydkdc
5000024234.80039,1664152800,aka-ztzq-fjlydkdc
5000023287.253515,1664226900,aka-ztzq-fjlydkdc
5000023756.4,1664240700,aka-ztzq-fjlydkdc
5000024333.333593,1664153700,aka-ztzq-fjlydkdc
5000023480.160156,1664193000,aka-ztzq-fjlydkdc
5000023754.826563,1664127300,aka-ztzq-fjlydkdc
5000023892.133594,1664167800,aka-ztzq-fjlydkdc
5000023796.026563,1664113500,aka-ztzq-fjlydkdc
5000023503.519922,1664183700,aka-ztzq-fjlydkdc
5000023644.3199215,1664224200,aka-ztzq-fjlydkdc
5000023808.559375,1664226000,aka-ztzq-fjlydkdc
5000023575.893359,1664219100,aka-ztzq-fjlydkdc
5000023666.719531,1664127000,aka-ztzq-fjlydkdc
5000023510.1328125,1664168400,aka-ztzq-fjlydkdc
5000024166.959765,1664235600,aka-ztzq-fjlydkdc
5000023655.092578,1664220900,aka-ztzq-fjlydkdc
5012829198.6,1663751400,aka-ztzq-fjlydkdc
5000024330.080078,1664243700,aka-ztzq-fjlydkdc
5000024225.546875,1664216700,aka-ztzq-fjlydkdc
5000023659.973047,1664227200,aka-ztzq-fjlydkdc
5000023553.999609,1664229600,aka-ztzq-fjlydkdc
5000023650.880078,1664195400,aka-ztzq-fjlydkdc
5000023633.119532,1664146800,aka-ztzq-fjlydkdc
5000023784.933594,1664163300,aka-ztzq-fjlydkdc
5000023551.839844,1664178300,aka-ztzq-fjlydkdc
5036721517.2,1663758900,aka-ztzq-fjlydkdc
5000023743.520312,1664146200,aka-ztzq-fjlydkdc
5000023662.079687,1664157900,aka-ztzq-fjlydkdc
5000023496.160547,1664174100,aka-ztzq-fjlydkdc
5043971869.6,1663759200,aka-ztzq-fjlydkdc
5000023733.013281,1664171100,aka-ztzq-fjlydkdc
5118169948.8,1663764300,aka-ztzq-fjlydkdc
5009249772.7,1663748700,aka-ztzq-fjlydkdc
5000023659.146484,1664217300,aka-ztzq-fjlydkdc
5000023671.253125,1664107500,aka-ztzq-fjlydkdc
5000024227.733203,1664146500,aka-ztzq-fjlydkdc
5000023353.2,1664214300,aka-ztzq-fjlydkdc
5000023111.333203,1664120700,aka-ztzq-fjlydkdc
5130483227.2,1663767000,aka-ztzq-fjlydkdc
5000024281.173437,1664126700,aka-ztzq-fjlydkdc
5000023696.879687,1664114700,aka-ztzq-fjlydkdc
5000024213.973437,1664232900,aka-ztzq-fjlydkdc
5015229964.0,1663753500,aka-ztzq-fjlydkdc
5000023586.719922,1664241300,aka-ztzq-fjlydkdc
5027476071.2,1663756800,aka-ztzq-fjlydkdc
5000024475.519531,1664205000,aka-ztzq-fjlydkdc
5012100630.2,1663750200,aka-ztzq-fjlydkdc
5000023510.479688,1664137800,aka-ztzq-fjlydkdc
5000024151.573438,1664227500,aka-ztzq-fjlydkdc
5000023789.546875,1664162100,aka-ztzq-fjlydkdc
5000023404.346875,1664113800,aka-ztzq-fjlydkdc
5000023657.973437,1664186400,aka-ztzq-fjlydkdc
5000024319.893359,1664166300,aka-ztzq-fjlydkdc
5000023858.7734375,1664191800,aka-ztzq-fjlydkdc
5000023704.106641,1664145900,aka-ztzq-fjlydkdc
5000024179.2265625,1664187000,aka-ztzq-fjlydkdc
5000023537.626172,1664180100,aka-ztzq-fjlydkdc
5000023632.960156,1664237700,aka-ztzq-fjlydkdc
5000023945.840235,1664164200,aka-ztzq-fjlydkdc
5000023660.986719,1664135400,aka-ztzq-fjlydkdc
5000024529.6,1664230200,aka-ztzq-fjlydkdc
5000023937.839844,1664192700,aka-ztzq-fjlydkdc
5000024006.026563,1664198700,aka-ztzq-fjlydkdc
5000023798.960156,1664176800,aka-ztzq-fjlydkdc
5000023651.653516,1664227800,aka-ztzq-fjlydkdc
5000023458.559766,1664133600,aka-ztzq-fjlydkdc
5000023727.813281,1664138700,aka-ztzq-fjlydkdc
5000023506.373438,1664170500,aka-ztzq-fjlydkdc
5000023515.360156,1664121000,aka-ztzq-fjlydkdc
5000023226.826563,1664114400,aka-ztzq-fjlydkdc
5000023235.893359,1664221500,aka-ztzq-fjlydkdc
5000023538.187109,1664238000,aka-ztzq-fjlydkdc
5000023677.893359,1664121900,aka-ztzq-fjlydkdc
5000023325.41289,1664207100,aka-ztzq-fjlydkdc
5000023532.053125,1664169600,aka-ztzq-fjlydkdc
5000023765.066406,1664156100,aka-ztzq-fjlydkdc
5000023508.266406,1664192100,aka-ztzq-fjlydkdc
5000024243.546484,1664135700,aka-ztzq-fjlydkdc
5000023741.946485,1664158800,aka-ztzq-fjlydkdc
5000023912.560156,1664109300,aka-ztzq-fjlydkdc
5000023604.426562,1664191200,aka-ztzq-fjlydkdc
5000023866.346875,1664166900,aka-ztzq-fjlydkdc
5000024105.653125,1664231100,aka-ztzq-fjlydkdc
5000024229.733203,1664167200,aka-ztzq-fjlydkdc
5000023205.013281,1664201700,aka-ztzq-fjlydkdc
5000023538.239843,1664108400,aka-ztzq-fjlydkdc
5000024244.240234,1664212200,aka-ztzq-fjlydkdc
5000024384.533203,1664187900,aka-ztzq-fjlydkdc
5000023391.492969,1664148000,aka-ztzq-fjlydkdc
5000023685.413281,1664172300,aka-ztzq-fjlydkdc
5000024523.519922,1664203200,aka-ztzq-fjlydkdc
5000023450.640234,1664181900,aka-ztzq-fjlydkdc
5120260569.6,1663764600,aka-ztzq-fjlydkdc
5050596423.2,1663761300,aka-ztzq-fjlydkdc
5000023665.360547,1664140800,aka-ztzq-fjlydkdc
5020911240.0,1663755000,aka-ztzq-fjlydkdc
5000023756.186719,1664151300,aka-ztzq-fjlydkdc
5000023814.39961,1664141700,aka-ztzq-fjlydkdc
5000024258.586719,1664133900,aka-ztzq-fjlydkdc
5022460300.4,1663755600,aka-ztzq-fjlydkdc
5000024140.880078,1664148300,aka-ztzq-fjlydkdc
5039561668.8,1663758300,aka-ztzq-fjlydkdc
5000023622.986719,1664151600,aka-ztzq-fjlydkdc
5000023879.867188,1664181000,aka-ztzq-fjlydkdc
5000023647.253125,1664115600,aka-ztzq-fjlydkdc
5138251526.4,1663767300,aka-ztzq-fjlydkdc
5000024444.613672,1664121300,aka-ztzq-fjlydkdc
5000023599.066797,1664105700,aka-ztzq-fjlydkdc
5000023562.426953,1664142600,aka-ztzq-fjlydkdc
5000023628.479688,1664210700,aka-ztzq-fjlydkdc
5000023754.186328,1664154900,aka-ztzq-fjlydkdc
5000023704.666797,1664150400,aka-ztzq-fjlydkdc
5000025180.053515,1664160000,aka-ztzq-fjlydkdc
5000023329.333593,1664217900,aka-ztzq-fjlydkdc
5067919886.4,1663760700,aka-ztzq-fjlydkdc
5000023854.29375,1664122800,aka-ztzq-fjlydkdc
5000023290.266406,1664110800,aka-ztzq-fjlydkdc
5000024117.013672,1664128500,aka-ztzq-fjlydkdc
5000023967.280469,1664163000,aka-ztzq-fjlydkdc
5000023479.573438,1664190300,aka-ztzq-fjlydkdc
5000023313.413281,1664215500,aka-ztzq-fjlydkdc
5000024268.666407,1664214000,aka-ztzq-fjlydkdc
5000023880.0,1664207400,aka-ztzq-fjlydkdc
5000023738.266406,1664208900,aka-ztzq-fjlydkdc
5000023322.026172,1664110200,aka-ztzq-fjlydkdc
5000024447.893359,1664208600,aka-ztzq-fjlydkdc
5000023584.933203,1664131500,aka-ztzq-fjlydkdc
5014800195.6,1663753200,aka-ztzq-fjlydkdc
5000024237.173828,1664159100,aka-ztzq-fjlydkdc
5000023647.146484,1664166600,aka-ztzq-fjlydkdc
5000023581.360156,1664112600,aka-ztzq-fjlydkdc
5000023565.813672,1664118300,aka-ztzq-fjlydkdc
5007961267.6,1663752600,aka-ztzq-fjlydkdc
5000024101.253515,1664107800,aka-ztzq-fjlydkdc
5000024558.053125,1664164500,aka-ztzq-fjlydkdc
5000023517.49336,1664230800,aka-ztzq-fjlydkdc
5108137174.4,1663763700,aka-ztzq-fjlydkdc
5000023447.120313,1664124300,aka-ztzq-fjlydkdc
5000023804.453125,1664184300,aka-ztzq-fjlydkdc
5000023804.613672,1664170200,aka-ztzq-fjlydkdc
5000024040.826563,1664188200,aka-ztzq-fjlydkdc
5000023606.826563,1664222700,aka-ztzq-fjlydkdc
5000023709.573828,1664128200,aka-ztzq-fjlydkdc
5000023777.519531,1664178600,aka-ztzq-fjlydkdc
5000023756.479688,1664120100,aka-ztzq-fjlydkdc
5000023604.933203,1664111700,aka-ztzq-fjlydkdc
5000023507.492969,1664119800,aka-ztzq-fjlydkdc
5000023714.213282,1664230500,aka-ztzq-fjlydkdc
5000023885.839844,1664136900,aka-ztzq-fjlydkdc
5000023854.053125,1664109000,aka-ztzq-fjlydkdc
5009156194.5,1663749000,aka-ztzq-fjlydkdc
5000023587.013281,1664144400,aka-ztzq-fjlydkdc
5000023927.573438,1664209800,aka-ztzq-fjlydkdc
5000024505.973047,1664181600,aka-ztzq-fjlydkdc
5000023571.546484,1664155800,aka-ztzq-fjlydkdc
5094244041.6,1663762200,aka-ztzq-fjlydkdc
5011949417.6,1663751100,aka-ztzq-fjlydkdc
5000024316.853516,1664223000,aka-ztzq-fjlydkdc
5042357851.2,1663759800,aka-ztzq-fjlydkdc
5000024431.573438,1664210400,aka-ztzq-fjlydkdc
5000023525.173437,1664185500,aka-ztzq-fjlydkdc
5000024478.80039,1664163600,aka-ztzq-fjlydkdc
5000023458.426953,1664199300,aka-ztzq-fjlydkdc
5000024364.453125,1664170800,aka-ztzq-fjlydkdc
5000023620.880078,1664168700,aka-ztzq-fjlydkdc
5000024611.49336,1664190600,aka-ztzq-fjlydkdc
5000024272.133594,1664177100,aka-ztzq-fjlydkdc
5000024290.133594,1664117700,aka-ztzq-fjlydkdc
5000024240.560156,1664220300,aka-ztzq-fjlydkdc
5000023928.533594,1664206500,aka-ztzq-fjlydkdc
5000024280.960156,1664174400,aka-ztzq-fjlydkdc
5042454188.8,1663760100,aka-ztzq-fjlydkdc
5000023368.746875,1664239500,aka-ztzq-fjlydkdc
5000024105.679688,1664140200,aka-ztzq-fjlydkdc
5000023439.813281,1664237100,aka-ztzq-fjlydkdc
5000023588.5863285,1664131800,aka-ztzq-fjlydkdc
5000023626.160156,1664204400,aka-ztzq-fjlydkdc
5000023524.853125,1664176500,aka-ztzq-fjlydkdc
5035725530.0,1663757700,aka-ztzq-fjlydkdc
5000023860.50664,1664203800,aka-ztzq-fjlydkdc
5000024058.719531,1664143800,aka-ztzq-fjlydkdc
5000023484.533203,1664238600,aka-ztzq-fjlydkdc
5000023875.920313,1664106300,aka-ztzq-fjlydkdc
5000023775.786718,1664193600,aka-ztzq-fjlydkdc
5000023635.066797,1664153400,aka-ztzq-fjlydkdc
5000023638.773047,1664196600,aka-ztzq-fjlydkdc
5000024330.080078,1664149200,aka-ztzq-fjlydkdc
5000024302.879687,1664239200,aka-ztzq-fjlydkdc
5004549894.45,1663746900,aka-ztzq-fjlydkdc
5020468650.4,1663754400,aka-ztzq-fjlydkdc
5000023603.0394535,1664220600,aka-ztzq-fjlydkdc
5000024299.066797,1664154600,aka-ztzq-fjlydkdc
5040888881.6,1663758000,aka-ztzq-fjlydkdc
5000024214.879687,1664160900,aka-ztzq-fjlydkdc
5000024120.320704,1664200500,aka-ztzq-fjlydkdc
5000024391.680079,1664242800,aka-ztzq-fjlydkdc
5000023576.3199215,1664194500,aka-ztzq-fjlydkdc
5000024409.626562,1664195100,aka-ztzq-fjlydkdc
5000023540.7734375,1664202600,aka-ztzq-fjlydkdc
5000023717.70664,1664204700,aka-ztzq-fjlydkdc
5000024520.7734375,1664234700,aka-ztzq-fjlydkdc
5000023515.280078,1664186700,aka-ztzq-fjlydkdc
5000023672.346484,1664154300,aka-ztzq-fjlydkdc
5000023624.666407,1664200200,aka-ztzq-fjlydkdc
5000023588.453125,1664157600,aka-ztzq-fjlydkdc
5000024782.50625,1664201400,aka-ztzq-fjlydkdc
5000024258.426562,1664124900,aka-ztzq-fjlydkdc
5000023618.053125,1664202900,aka-ztzq-fjlydkdc
5000024508.239843,1664112300,aka-ztzq-fjlydkdc
5000023496.880078,1664189100,aka-ztzq-fjlydkdc
5003062031.55,1663746300,aka-ztzq-fjlydkdc
5000023938.3203125,1664234100,aka-ztzq-fjlydkdc
5000024319.173047,1664199600,aka-ztzq-fjlydkdc
5000023635.040625,1664197500,aka-ztzq-fjlydkdc
5000023631.786328,1664152500,aka-ztzq-fjlydkdc
5000023881.039844,1664233200,aka-ztzq-fjlydkdc
5000024527.786718,1664192400,aka-ztzq-fjlydkdc
5125542302.4,1663766400,aka-ztzq-fjlydkdc
5000023770.58711,1664195700,aka-ztzq-fjlydkdc
5000023764.107031,1664225700,aka-ztzq-fjlydkdc
5000023809.49336,1664135100,aka-ztzq-fjlydkdc
5000023533.946485,1664169300,aka-ztzq-fjlydkdc
5016292169.0,1663753800,aka-ztzq-fjlydkdc
5000023563.30625,1664234400,aka-ztzq-fjlydkdc
5026183550.0,1663756200,aka-ztzq-fjlydkdc
5000023641.6,1664208000,aka-ztzq-fjlydkdc
5000024456.29336,1664173500,aka-ztzq-fjlydkdc
5000023362.746875,1664219700,aka-ztzq-fjlydkdc
5000023542.426953,1664165100,aka-ztzq-fjlydkdc
5000024337.70664,1664151900,aka-ztzq-fjlydkdc
5000024025.653516,1664150700,aka-ztzq-fjlydkdc
5000023683.013281,1664182200,aka-ztzq-fjlydkdc
5000023751.2269535,1664208300,aka-ztzq-fjlydkdc
5000023716.826953,1664134200,aka-ztzq-fjlydkdc
5000023466.826563,1664190900,aka-ztzq-fjlydkdc
5000023207.2,1664205300,aka-ztzq-fjlydkdc
5106461579.2,1663765200,aka-ztzq-fjlydkdc
5000023617.2,1664187300,aka-ztzq-fjlydkdc
5000023706.58711,1664162400,aka-ztzq-fjlydkdc
5000024227.546484,1664162700,aka-ztzq-fjlydkdc
5000023333.680079,1664198100,aka-ztzq-fjlydkdc
5000023485.333593,1664193900,aka-ztzq-fjlydkdc
5000023510.853125,1664177700,aka-ztzq-fjlydkdc
5000023715.306641,1664243100,aka-ztzq-fjlydkdc
5000023859.653125,1664211600,aka-ztzq-fjlydkdc
5000024109.013281,1664118900,aka-ztzq-fjlydkdc
5000024120.213282,1664178900,aka-ztzq-fjlydkdc
5000024443.173437,1664196000,aka-ztzq-fjlydkdc
5000023456.879687,1664149500,aka-ztzq-fjlydkdc
5010367518.2,1663747500,aka-ztzq-fjlydkdc
5000024345.49375,1664106900,aka-ztzq-fjlydkdc
5000023459.573438,1664139000,aka-ztzq-fjlydkdc
5000023453.520312,1664199900,aka-ztzq-fjlydkdc
5000023983.039844,1664222100,aka-ztzq-fjlydkdc
5000023424.987109,1664228700,aka-ztzq-fjlydkdc
5000023636.986719,1664224500,aka-ztzq-fjlydkdc
5013557853.8,1663750800,aka-ztzq-fjlydkdc
5000024318.29336,1664144700,aka-ztzq-fjlydkdc
5000023730.266797,1664223600,aka-ztzq-fjlydkdc
5000023763.066797,1664235900,aka-ztzq-fjlydkdc
5000023797.626562,1664122500,aka-ztzq-fjlydkdc
5000023640.639453,1664225400,aka-ztzq-fjlydkdc
5011802603.2,1663751700,aka-ztzq-fjlydkdc
5000023642.4,1664233500,aka-ztzq-fjlydkdc
5000023701.200391,1664161200,aka-ztzq-fjlydkdc
5000023910.692968,1664242500,aka-ztzq-fjlydkdc
5000023542.3199215,1664153100,aka-ztzq-fjlydkdc
5000023606.053515,1664125200,aka-ztzq-fjlydkdc
5000024204.986719,1664180700,aka-ztzq-fjlydkdc
5000023313.253125,1664231400,aka-ztzq-fjlydkdc
5000024237.786328,1664106000,aka-ztzq-fjlydkdc
5000023579.040235,1664123700,aka-ztzq-fjlydkdc
5000023854.532812,1664217000,aka-ztzq-fjlydkdc
5000023979.573047,1664182500,aka-ztzq-fjlydkdc
5000024507.812891,1664165400,aka-ztzq-fjlydkdc
5000023597.333203,1664232300,aka-ztzq-fjlydkdc
5000023757.626562,1664172000,aka-ztzq-fjlydkdc
5000023691.813281,1664132700,aka-ztzq-fjlydkdc
5000023560.213282,1664130600,aka-ztzq-fjlydkdc
5000023983.760157,1664118600,aka-ztzq-fjlydkdc
5000023491.626562,1664173800,aka-ztzq-fjlydkdc
5000024455.70664,1664219400,aka-ztzq-fjlydkdc
5000024367.70664,1664109600,aka-ztzq-fjlydkdc
5000024223.626953,1664232000,aka-ztzq-fjlydkdc
5000023953.066797,1664221800,aka-ztzq-fjlydkdc
5000023640.533203,1664139600,aka-ztzq-fjlydkdc
5000051881.971875,1664105400,aka-ztzq-fjlydkdc
5000024116.426953,1664134800,aka-ztzq-fjlydkdc
5000024161.786718,1664215800,aka-ztzq-fjlydkdc
5000024308.906641,1664123100,aka-ztzq-fjlydkdc
5000023475.146875,1664244000,aka-ztzq-fjlydkdc
5000023421.2269535,1664239800,aka-ztzq-fjlydkdc
5000023766.0,1664184000,aka-ztzq-fjlydkdc
5000023578.933594,1664128800,aka-ztzq-fjlydkdc
5000023735.893359,1664214600,aka-ztzq-fjlydkdc
5000024547.626562,1664142900,aka-ztzq-fjlydkdc
5015119709.8,1663752300,aka-ztzq-fjlydkdc
5000023508.053125,1664241600,aka-ztzq-fjlydkdc
5000023700.239843,1664190000,aka-ztzq-fjlydkdc
5000023727.146484,1664225100,aka-ztzq-fjlydkdc
5000023771.813281,1664220000,aka-ztzq-fjlydkdc
5000023647.49336,1664123400,aka-ztzq-fjlydkdc
5000023904.133594,1664205600,aka-ztzq-fjlydkdc
5000024050.986719,1664147400,aka-ztzq-fjlydkdc
5000024229.520703,1664122200,aka-ztzq-fjlydkdc
5000023534.906641,1664203500,aka-ztzq-fjlydkdc
5000023831.626562,1664147100,aka-ztzq-fjlydkdc
5000023557.946875,1664243400,aka-ztzq-fjlydkdc
5055349372.0,1663761000,aka-ztzq-fjlydkdc
5000023656.50664,1664134500,aka-ztzq-fjlydkdc
5000024687.066406,1664228400,aka-ztzq-fjlydkdc
5000023771.253125,1664175000,aka-ztzq-fjlydkdc
5096779784.0,1663762800,aka-ztzq-fjlydkdc
5000023457.680079,1664143200,aka-ztzq-fjlydkdc
5000024359.333203,1664194200,aka-ztzq-fjlydkdc
5020071918.0,1663754700,aka-ztzq-fjlydkdc
5000023732.559766,1664238900,aka-ztzq-fjlydkdc
5000024207.173047,1664151000,aka-ztzq-fjlydkdc
5000023607.440234,1664115300,aka-ztzq-fjlydkdc
5102878342.4,1663765800,aka-ztzq-fjlydkdc
5000024075.173437,1664229300,aka-ztzq-fjlydkdc
5128416710.4,1663767600,aka-ztzq-fjlydkdc
5000024241.733203,1664169900,aka-ztzq-fjlydkdc
5000023604.3203125,1664235000,aka-ztzq-fjlydkdc
5000023903.2269535,1664166000,aka-ztzq-fjlydkdc
5000023691.173437,1664127900,aka-ztzq-fjlydkdc
5009774974.9,1663748100,aka-ztzq-fjlydkdc
5008268857.4,1663747800,aka-ztzq-fjlydkdc
5000024525.866406,1664108700,aka-ztzq-fjlydkdc
5000024342.693359,1664110500,aka-ztzq-fjlydkdc
5022320736.4,1663755300,aka-ztzq-fjlydkdc
5000023755.49375,1664129100,aka-ztzq-fjlydkdc
5008161652.9,1663748400,aka-ztzq-fjlydkdc
5001825482.2,1663746000,aka-ztzq-fjlydkdc
5000023830.0,1664236200,aka-ztzq-fjlydkdc
5000023372.053515,1664159700,aka-ztzq-fjlydkdc
5000024200.053515,1664124000,aka-ztzq-fjlydkdc
5000024372.933203,1664202300,aka-ztzq-fjlydkdc
5000023389.920313,1664196300,aka-ztzq-fjlydkdc
5000023701.573047,1664231700,aka-ztzq-fjlydkdc
5034267806.4,1663757400,aka-ztzq-fjlydkdc
5000024034.826563,1664233800,aka-ztzq-fjlydkdc
5000024016.079687,1664156400,aka-ztzq-fjlydkdc
5000024350.160156,1664114100,aka-ztzq-fjlydkdc
5000023665.333593,1664116500,aka-ztzq-fjlydkdc
5000023516.026563,1664183100,aka-ztzq-fjlydkdc
5000024099.973437,1664171400,aka-ztzq-fjlydkdc
5000023651.759766,1664148600,aka-ztzq-fjlydkdc
5000023718.053125,1664164800,aka-ztzq-fjlydkdc
5000023532.639844,1664177400,aka-ztzq-fjlydkdc
5000023617.893359,1664138100,aka-ztzq-fjlydkdc
5000024320.373828,1664206800,aka-ztzq-fjlydkdc
5000024185.8667965,1664155500,aka-ztzq-fjlydkdc
5000023759.119922,1664181300,aka-ztzq-fjlydkdc
5110823547.2,1663764900,aka-ztzq-fjlydkdc
5000023761.279688,1664143500,aka-ztzq-fjlydkdc
5000024443.066406,1664132100,aka-ztzq-fjlydkdc
5000024163.892969,1664139300,aka-ztzq-fjlydkdc
5000024167.813281,1664115000,aka-ztzq-fjlydkdc
5000024109.919922,1664116800,aka-ztzq-fjlydkdc
5000023659.626562,1664185800,aka-ztzq-fjlydkdc
5000023388.8,1664201100,aka-ztzq-fjlydkdc
5000023688.8,1664125500,aka-ztzq-fjlydkdc
5068401558.4,1663761600,aka-ztzq-fjlydkdc
5000023975.2265625,1664120400,aka-ztzq-fjlydkdc
5000024194.346484,1664129400,aka-ztzq-fjlydkdc
5000023869.546484,1664139900,aka-ztzq-fjlydkdc
5035050437.2,1663757100,aka-ztzq-fjlydkdc
5000024308.7738285,1664188800,aka-ztzq-fjlydkdc
5000024065.41289,1664113200,aka-ztzq-fjlydkdc
5013025964.6,1663749600,aka-ztzq-fjlydkdc
5000024408.266797,1664178000,aka-ztzq-fjlydkdc
5000024775.173828,1664130300,aka-ztzq-fjlydkdc
5000024336.346484,1664221200,aka-ztzq-fjlydkdc
5000023488.746875,1664149800,aka-ztzq-fjlydkdc
5000023741.759766,1664211000,aka-ztzq-fjlydkdc
5000023765.653906,1664112900,aka-ztzq-fjlydkdc
5107227462.4,1663763100,aka-ztzq-fjlydkdc
5000024223.066406,1664189700,aka-ztzq-fjlydkdc
5050927696.8,1663760400,aka-ztzq-fjlydkdc
5000023536.640234,1664132400,aka-ztzq-fjlydkdc
5000024427.0394535,1664207700,aka-ztzq-fjlydkdc
5000024158.533594,1664191500,aka-ztzq-fjlydkdc
5000024357.2265625,1664115900,aka-ztzq-fjlydkdc
5000024205.786718,1664236500,aka-ztzq-fjlydkdc
5000023885.039844,1664150100,aka-ztzq-fjlydkdc
5000023619.919922,1664175600,aka-ztzq-fjlydkdc
5022322656.8,1663754100,aka-ztzq-fjlydkdc
5000024099.60039,1664202000,aka-ztzq-fjlydkdc
5000023495.333593,1664229900,aka-ztzq-fjlydkdc
5000023541.680079,1664194800,aka-ztzq-fjlydkdc
5000023978.185938,1664108100,aka-ztzq-fjlydkdc
5000023664.773047,1664161500,aka-ztzq-fjlydkdc
5000023745.812891,1664189400,aka-ztzq-fjlydkdc
5000023870.4,1664206200,aka-ztzq-fjlydkdc
5000024368.29336,1664240100,aka-ztzq-fjlydkdc
5000024299.280078,1664197800,aka-ztzq-fjlydkdc
5000024370.133204,1664171700,aka-ztzq-fjlydkdc
5076950867.2,1663761900,aka-ztzq-fjlydkdc
5000023839.2,1664229000,aka-ztzq-fjlydkdc
5128990401.6,1663766700,aka-ztzq-fjlydkdc
5000023798.7734375,1664111100,aka-ztzq-fjlydkdc
5000024369.89375,1664136600,aka-ztzq-fjlydkdc
5000023580.3199215,1664184900,aka-ztzq-fjlydkdc
5000024321.49336,1664179800,aka-ztzq-fjlydkdc
5000023780.720312,1664215200,aka-ztzq-fjlydkdc
5000023831.839844,1664179200,aka-ztzq-fjlydkdc
5000024343.919922,1664157300,aka-ztzq-fjlydkdc
5000023482.560156,1664142300,aka-ztzq-fjlydkdc
5000024094.826563,1664141100,aka-ztzq-fjlydkdc
5000024062.693359,1664214900,aka-ztzq-fjlydkdc
5000024054.292969,1664193300,aka-ztzq-fjlydkdc
5000023752.80039,1664198400,aka-ztzq-fjlydkdc
5000023885.146875,1664209200,aka-ztzq-fjlydkdc
5000023980.907031,1664236800,aka-ztzq-fjlydkdc
5000023895.946875,1664213700,aka-ztzq-fjlydkdc
5000023661.626953,1664222400,aka-ztzq-fjlydkdc
5036795042.8,1663758600,aka-ztzq-fjlydkdc
5000023501.546484,1664107200,aka-ztzq-fjlydkdc
5088536364.8,1663762500,aka-ztzq-fjlydkdc
5000024250.346484,1664224800,aka-ztzq-fjlydkdc
5000023605.333203,1664117400,aka-ztzq-fjlydkdc
5000023706.773047,1664199000,aka-ztzq-fjlydkdc
5000023720.533203,1664144100,aka-ztzq-fjlydkdc
5000024178.692968,1664232600,aka-ztzq-fjlydkdc
5000023729.680469,1664216400,aka-ztzq-fjlydkdc
5000023662.826953,1664152200,aka-ztzq-fjlydkdc
5000024043.839844,1664173200,aka-ztzq-fjlydkdc
5000024089.973437,1664161800,aka-ztzq-fjlydkdc
5000024373.573047,1664238300,aka-ztzq-fjlydkdc
5000023704.026953,1664119200,aka-ztzq-fjlydkdc
5000024524.853516,1664226600,aka-ztzq-fjlydkdc
5000023573.626562,1664124600,aka-ztzq-fjlydkdc
5000023407.413281,1664242200,aka-ztzq-fjlydkdc
5012532461.0,1663750500,aka-ztzq-fjlydkdc
5000023921.49336,1664197200,aka-ztzq-fjlydkdc
5000024382.507031,1664111400,aka-ztzq-fjlydkdc
5000028791.439844,1664157000,aka-ztzq-fjlydkdc
5000023434.107031,1664211900,aka-ztzq-fjlydkdc
5000023423.200391,1664121600,aka-ztzq-fjlydkdc
5000023468.826953,1664212500,aka-ztzq-fjlydkdc
5000023511.386719,1664167500,aka-ztzq-fjlydkdc
5027729283.2,1663756500,aka-ztzq-fjlydkdc
5000023891.279688,1664218200,aka-ztzq-fjlydkdc
5000023555.280078,1664126400,aka-ztzq-fjlydkdc
5000023844.692968,1664187600,aka-ztzq-fjlydkdc
5000023641.60039,1664216100,aka-ztzq-fjlydkdc
5000023752.053515,1664179500,aka-ztzq-fjlydkdc
5000023669.760157,1664148900,aka-ztzq-fjlydkdc
5000023367.733203,1664158500,aka-ztzq-fjlydkdc
5013080849.6,1663752000,aka-ztzq-fjlydkdc
5005277981.75,1663746600,aka-ztzq-fjlydkdc
5012148817.4,1663749900,aka-ztzq-fjlydkdc
