value,time,place
5000055714.719287,1660117500,aka-jfbld-fmxmdkdc
5000055480.880371,1660116000,aka-jfbld-fmxmdkdc
5000054815.334326,1660144800,aka-jfbld-fmxmdkdc
5000057670.479639,1660182600,aka-jfbld-fmxmdkdc
5000056027.678955,1660127400,aka-jfbld-fmxmdkdc
5000055704.667236,1659981300,aka-jfbld-fmxmdkdc
5000055116.746923,1660113300,aka-jfbld-fmxmdkdc
5000000000.0,1660392900,aka-jfbld-fmxmdkdc
5000055337.333789,1659960600,aka-jfbld-fmxmdkdc
5000063021.466504,1660059300,aka-jfbld-fmxmdkdc
5348288853.6,1660222500,aka-jfbld-fmxmdkdc
5000054915.626318,1660111500,aka-jfbld-fmxmdkdc
5000056103.466504,1660131600,aka-jfbld-fmxmdkdc
5339205588.8,1660222200,aka-jfbld-fmxmdkdc
5000055550.159571,1660136100,aka-jfbld-fmxmdkdc
5103725076.933569,1659922500,aka-jfbld-fmxmdkdc
5000056239.119678,1660009800,aka-jfbld-fmxmdkdc
5000055881.547852,1659939600,aka-jfbld-fmxmdkdc
5000055300.240332,1660129500,aka-jfbld-fmxmdkdc
5000055878.239258,1659975000,aka-jfbld-fmxmdkdc
5000056185.600635,1659960300,aka-jfbld-fmxmdkdc
5000033077.173047,1659925200,aka-jfbld-fmxmdkdc
5000054607.2269535,1660144200,aka-jfbld-fmxmdkdc
5000055595.52002,1659964200,aka-jfbld-fmxmdkdc
5000054881.546094,1660091100,aka-jfbld-fmxmdkdc
5339844760.8,1660195200,aka-jfbld-fmxmdkdc
5000056822.907422,1660003800,aka-jfbld-fmxmdkdc
5000056783.173681,1659944400,aka-jfbld-fmxmdkdc
5000055476.960058,1660090200,aka-jfbld-fmxmdkdc
5000054719.280909,1660180200,aka-jfbld-fmxmdkdc
5338129388.8,1660194900,aka-jfbld-fmxmdkdc
5000055050.2130375,1660112700,aka-jfbld-fmxmdkdc
5000056273.946875,1660049100,aka-jfbld-fmxmdkdc
5000055327.70708,1660046400,aka-jfbld-fmxmdkdc
5000055561.199072,1660138500,aka-jfbld-fmxmdkdc
5340967608.8,1660227000,aka-jfbld-fmxmdkdc
5000055815.786914,1660007100,aka-jfbld-fmxmdkdc
5000056501.413574,1659936900,aka-jfbld-fmxmdkdc
5000055447.332911,1660157100,aka-jfbld-fmxmdkdc
5000055905.6002445,1660012500,aka-jfbld-fmxmdkdc
5000055071.360254,1660155000,aka-jfbld-fmxmdkdc
5342121635.2,1660194600,aka-jfbld-fmxmdkdc
5346408336.0,1660213500,aka-jfbld-fmxmdkdc
5341195134.4,1660196100,aka-jfbld-fmxmdkdc
5000056084.320801,1659996000,aka-jfbld-fmxmdkdc
5000055206.960352,1660086300,aka-jfbld-fmxmdkdc
5000054742.720118,1660166700,aka-jfbld-fmxmdkdc
5000055290.9064455,1660134000,aka-jfbld-fmxmdkdc
5000056107.492969,1660119300,aka-jfbld-fmxmdkdc
5000055393.520459,1660045200,aka-jfbld-fmxmdkdc
5000056128.879786,1660096800,aka-jfbld-fmxmdkdc
5000055156.906885,1660152300,aka-jfbld-fmxmdkdc
5000055507.839892,1660074600,aka-jfbld-fmxmdkdc
5000055725.653467,1660110000,aka-jfbld-fmxmdkdc
5000054888.025976,1660170600,aka-jfbld-fmxmdkdc
5000056396.266699,1660067100,aka-jfbld-fmxmdkdc
5331201644.0,1660218300,aka-jfbld-fmxmdkdc
5000065823.893311,1660056900,aka-jfbld-fmxmdkdc
5000056180.853697,1660102800,aka-jfbld-fmxmdkdc
5000055819.306933,1660010100,aka-jfbld-fmxmdkdc
5000055598.213574,1660029600,aka-jfbld-fmxmdkdc
5336624518.4,1660216500,aka-jfbld-fmxmdkdc
5000000000.0,1660722600,aka-jfbld-fmxmdkdc
5000055657.226416,1660063800,aka-jfbld-fmxmdkdc
5000055375.439697,1660176300,aka-jfbld-fmxmdkdc
5000056085.386279,1659951300,aka-jfbld-fmxmdkdc
5000055193.333155,1659953100,aka-jfbld-fmxmdkdc
5000055945.600781,1660044300,aka-jfbld-fmxmdkdc
5000055750.133349,1660050600,aka-jfbld-fmxmdkdc
5000055323.306641,1660137300,aka-jfbld-fmxmdkdc
5000054859.973047,1660077600,aka-jfbld-fmxmdkdc
5340657643.2,1660213800,aka-jfbld-fmxmdkdc
5000054823.279688,1660084200,aka-jfbld-fmxmdkdc
5000056609.733057,1659981900,aka-jfbld-fmxmdkdc
5343245563.2,1660203300,aka-jfbld-fmxmdkdc
5000055791.600439,1660180500,aka-jfbld-fmxmdkdc
5000055819.227295,1660023000,aka-jfbld-fmxmdkdc
5000055611.225927,1659964800,aka-jfbld-fmxmdkdc
5000054605.573291,1660159800,aka-jfbld-fmxmdkdc
5000055393.973096,1660131000,aka-jfbld-fmxmdkdc
5000055577.386377,1660104600,aka-jfbld-fmxmdkdc
5000069490.665332,1660052400,aka-jfbld-fmxmdkdc
5000000000.0,1660719300,aka-jfbld-fmxmdkdc
5000054718.666944,1660160100,aka-jfbld-fmxmdkdc
5000000000.0,1660720500,aka-jfbld-fmxmdkdc
5338198271.2,1660216200,aka-jfbld-fmxmdkdc
5000055191.572901,1659965700,aka-jfbld-fmxmdkdc
5000057175.973536,1660014000,aka-jfbld-fmxmdkdc
5000056233.387256,1659943800,aka-jfbld-fmxmdkdc
5000054861.494482,1660109700,aka-jfbld-fmxmdkdc
5000000000.0,1660409100,aka-jfbld-fmxmdkdc
5000054982.506006,1660111800,aka-jfbld-fmxmdkdc
5000054407.866846,1660167300,aka-jfbld-fmxmdkdc
5000000000.0,1660326900,aka-jfbld-fmxmdkdc
5000054999.947266,1660067700,aka-jfbld-fmxmdkdc
5000056182.027295,1659988800,aka-jfbld-fmxmdkdc
5000056207.599561,1660063500,aka-jfbld-fmxmdkdc
5000055891.068018,1660150200,aka-jfbld-fmxmdkdc
5000056985.118994,1659945600,aka-jfbld-fmxmdkdc
5340761379.2,1660226700,aka-jfbld-fmxmdkdc
5000056126.959912,1659999900,aka-jfbld-fmxmdkdc
5000000000.0,1660718700,aka-jfbld-fmxmdkdc
5000055569.413037,1659967800,aka-jfbld-fmxmdkdc
5342056240.8,1660230000,aka-jfbld-fmxmdkdc
5000060299.94668,1660060200,aka-jfbld-fmxmdkdc
5000055175.54624,1659961200,aka-jfbld-fmxmdkdc
5000000000.0,1660449000,aka-jfbld-fmxmdkdc
5331924862.4,1660196700,aka-jfbld-fmxmdkdc
5000055274.666504,1659949800,aka-jfbld-fmxmdkdc
5000055549.120557,1660148100,aka-jfbld-fmxmdkdc
5000055643.306982,1660154700,aka-jfbld-fmxmdkdc
5000054967.573339,1660008000,aka-jfbld-fmxmdkdc
5000055373.066797,1659983100,aka-jfbld-fmxmdkdc
5000054778.453613,1660125900,aka-jfbld-fmxmdkdc
5000054762.426806,1660171500,aka-jfbld-fmxmdkdc
5000055059.972949,1660142100,aka-jfbld-fmxmdkdc
5000056920.105566,1660105800,aka-jfbld-fmxmdkdc
5000108925.039276,1660184700,aka-jfbld-fmxmdkdc
5000055309.919775,1660026000,aka-jfbld-fmxmdkdc
5000056764.586865,1659962100,aka-jfbld-fmxmdkdc
5000054641.574121,1659985500,aka-jfbld-fmxmdkdc
5000055013.54585,1660176600,aka-jfbld-fmxmdkdc
5000054833.6792965,1660014600,aka-jfbld-fmxmdkdc
5000054582.372217,1660075200,aka-jfbld-fmxmdkdc
5000057109.012891,1659953700,aka-jfbld-fmxmdkdc
5337671068.8,1660200300,aka-jfbld-fmxmdkdc
5000056210.960449,1660101000,aka-jfbld-fmxmdkdc
5000056532.319727,1660107000,aka-jfbld-fmxmdkdc
5000055852.054052,1660089600,aka-jfbld-fmxmdkdc
5000055891.520655,1659980700,aka-jfbld-fmxmdkdc
5000055609.94668,1659931500,aka-jfbld-fmxmdkdc
5000055250.373731,1660146000,aka-jfbld-fmxmdkdc
5000056927.681445,1660184100,aka-jfbld-fmxmdkdc
5000055378.879443,1660063200,aka-jfbld-fmxmdkdc
5000055108.533252,1660068900,aka-jfbld-fmxmdkdc
5000055798.426562,1660142400,aka-jfbld-fmxmdkdc
5000055848.400782,1659993000,aka-jfbld-fmxmdkdc
5000054854.879834,1660167900,aka-jfbld-fmxmdkdc
5000055751.226221,1660005900,aka-jfbld-fmxmdkdc
5000054676.053125,1660168200,aka-jfbld-fmxmdkdc
5000055532.373926,1660174200,aka-jfbld-fmxmdkdc
5000055708.93291,1660135800,aka-jfbld-fmxmdkdc
5000065529.680127,1660057200,aka-jfbld-fmxmdkdc
5000055080.986524,1660155300,aka-jfbld-fmxmdkdc
5000055171.440283,1660035300,aka-jfbld-fmxmdkdc
5000054620.772949,1660097400,aka-jfbld-fmxmdkdc
5000000000.0,1660721100,aka-jfbld-fmxmdkdc
5000000000.0,1660529700,aka-jfbld-fmxmdkdc
5000055862.560644,1660092000,aka-jfbld-fmxmdkdc
5000056024.479589,1660093800,aka-jfbld-fmxmdkdc
5000055570.559717,1660066800,aka-jfbld-fmxmdkdc
5000055597.17417,1660048500,aka-jfbld-fmxmdkdc
5000054364.159765,1660075800,aka-jfbld-fmxmdkdc
5000055048.106592,1660119600,aka-jfbld-fmxmdkdc
5000055604.640284,1660029900,aka-jfbld-fmxmdkdc
5000055267.414014,1660179900,aka-jfbld-fmxmdkdc
5000012819.066602,1660187100,aka-jfbld-fmxmdkdc
5000057061.760205,1659955200,aka-jfbld-fmxmdkdc
5000056514.320605,1660010700,aka-jfbld-fmxmdkdc
5000055997.919726,1659941400,aka-jfbld-fmxmdkdc
5000093964.667175,1660190100,aka-jfbld-fmxmdkdc
5000055732.187207,1659933300,aka-jfbld-fmxmdkdc
5000150663.254358,1660188600,aka-jfbld-fmxmdkdc
5000054858.613233,1660158900,aka-jfbld-fmxmdkdc
5000054909.919092,1660146600,aka-jfbld-fmxmdkdc
5000055129.678906,1659968700,aka-jfbld-fmxmdkdc
5000055599.065771,1660085700,aka-jfbld-fmxmdkdc
5000055490.079493,1660007400,aka-jfbld-fmxmdkdc
5000055218.61294,1660172100,aka-jfbld-fmxmdkdc
5000055151.520068,1660169400,aka-jfbld-fmxmdkdc
5000000000.0,1660616400,aka-jfbld-fmxmdkdc
5339577580.0,1660203900,aka-jfbld-fmxmdkdc
5000055089.306933,1660030800,aka-jfbld-fmxmdkdc
5000055480.320459,1660091400,aka-jfbld-fmxmdkdc
5000054603.999951,1660131300,aka-jfbld-fmxmdkdc
5000055189.839697,1660155900,aka-jfbld-fmxmdkdc
5000000000.0,1660551600,aka-jfbld-fmxmdkdc
5000054294.212647,1660161600,aka-jfbld-fmxmdkdc
5000055692.692383,1660025100,aka-jfbld-fmxmdkdc
5000054819.1729,1660070400,aka-jfbld-fmxmdkdc
5000056691.307226,1660046100,aka-jfbld-fmxmdkdc
5000055322.025928,1660072500,aka-jfbld-fmxmdkdc
5000055136.213232,1660027500,aka-jfbld-fmxmdkdc
5000055381.093164,1659991200,aka-jfbld-fmxmdkdc
5000000000.0,1660720800,aka-jfbld-fmxmdkdc
5000055322.213183,1660079400,aka-jfbld-fmxmdkdc
5000055391.6269045,1660050000,aka-jfbld-fmxmdkdc
5000055078.559619,1660065300,aka-jfbld-fmxmdkdc
5334547078.4,1660208100,aka-jfbld-fmxmdkdc
5341743643.2,1660199400,aka-jfbld-fmxmdkdc
5000056317.200488,1660128600,aka-jfbld-fmxmdkdc
5000013507.54668,1660186800,aka-jfbld-fmxmdkdc
5000056432.266016,1660143900,aka-jfbld-fmxmdkdc
5000056981.8396,1659932700,aka-jfbld-fmxmdkdc
5000054992.054199,1660061700,aka-jfbld-fmxmdkdc
5000055024.185938,1659989100,aka-jfbld-fmxmdkdc
5344300371.2,1660214100,aka-jfbld-fmxmdkdc
5000055123.785791,1660155600,aka-jfbld-fmxmdkdc
5000055805.893408,1660107600,aka-jfbld-fmxmdkdc
5000052657.946765,1660188900,aka-jfbld-fmxmdkdc
5000055216.58667,1659998700,aka-jfbld-fmxmdkdc
5000055732.933398,1659947400,aka-jfbld-fmxmdkdc
5000056116.986621,1660045500,aka-jfbld-fmxmdkdc
5000056194.987353,1660098900,aka-jfbld-fmxmdkdc
5000054979.013476,1659993300,aka-jfbld-fmxmdkdc
5000095336.237536,1660189800,aka-jfbld-fmxmdkdc
5000054861.225293,1660073100,aka-jfbld-fmxmdkdc
5000055236.028076,1659986400,aka-jfbld-fmxmdkdc
5000058129.866406,1660051200,aka-jfbld-fmxmdkdc
5000054787.680127,1660077900,aka-jfbld-fmxmdkdc
5000049963.013867,1659927000,aka-jfbld-fmxmdkdc
5346027951.2,1660227300,aka-jfbld-fmxmdkdc
5000054911.680469,1660168800,aka-jfbld-fmxmdkdc
5334976150.4,1660194300,aka-jfbld-fmxmdkdc
5336025867.2,1660217400,aka-jfbld-fmxmdkdc
5342295434.4,1660216800,aka-jfbld-fmxmdkdc
5000054875.974072,1660068000,aka-jfbld-fmxmdkdc
5000054993.279053,1660108500,aka-jfbld-fmxmdkdc
5000054507.4668455,1660161000,aka-jfbld-fmxmdkdc
5000056831.6002445,1660062600,aka-jfbld-fmxmdkdc
5000055224.160498,1660142700,aka-jfbld-fmxmdkdc
5000056162.907373,1660041900,aka-jfbld-fmxmdkdc
5000055559.733496,1660086900,aka-jfbld-fmxmdkdc
5000050678.507324,1659927600,aka-jfbld-fmxmdkdc
5000055286.773974,1660128900,aka-jfbld-fmxmdkdc
5000055203.333447,1660120800,aka-jfbld-fmxmdkdc
5000055853.972803,1659997500,aka-jfbld-fmxmdkdc
5000055679.146582,1659972600,aka-jfbld-fmxmdkdc
5000055841.226465,1660002000,aka-jfbld-fmxmdkdc
5000055988.212988,1660175400,aka-jfbld-fmxmdkdc
5000055259.4938965,1660138200,aka-jfbld-fmxmdkdc
5000056703.359716,1660101900,aka-jfbld-fmxmdkdc
5000055756.826757,1660031100,aka-jfbld-fmxmdkdc
5000012631.919922,1660187400,aka-jfbld-fmxmdkdc
5000055690.373388,1660126200,aka-jfbld-fmxmdkdc
5000055128.773682,1660162200,aka-jfbld-fmxmdkdc
5000060127.91958,1660053900,aka-jfbld-fmxmdkdc
5000055452.533936,1660009500,aka-jfbld-fmxmdkdc
5000055649.973145,1659996300,aka-jfbld-fmxmdkdc
5000055314.586084,1660181100,aka-jfbld-fmxmdkdc
5000055317.973047,1660076400,aka-jfbld-fmxmdkdc
5000055642.906591,1660035900,aka-jfbld-fmxmdkdc
5000057245.7877445,1659954600,aka-jfbld-fmxmdkdc
5000055320.160205,1659976800,aka-jfbld-fmxmdkdc
5000055864.346533,1659977700,aka-jfbld-fmxmdkdc
5000055553.493164,1659959100,aka-jfbld-fmxmdkdc
5000056930.852832,1660071300,aka-jfbld-fmxmdkdc
5000055619.973633,1660133700,aka-jfbld-fmxmdkdc
5000000000.0,1660548900,aka-jfbld-fmxmdkdc
5000056236.613281,1659932400,aka-jfbld-fmxmdkdc
5000054496.853857,1660080300,aka-jfbld-fmxmdkdc
5000049932.133545,1659929100,aka-jfbld-fmxmdkdc
5000000000.0,1660521000,aka-jfbld-fmxmdkdc
5000061567.3060055,1660059600,aka-jfbld-fmxmdkdc
5000055875.200488,1660019400,aka-jfbld-fmxmdkdc
5000055951.093409,1660126500,aka-jfbld-fmxmdkdc
5000055648.505762,1660143000,aka-jfbld-fmxmdkdc
5000056129.573633,1660044900,aka-jfbld-fmxmdkdc
5000056091.546289,1659984600,aka-jfbld-fmxmdkdc
5000054821.040576,1660170300,aka-jfbld-fmxmdkdc
5337040562.4,1660221300,aka-jfbld-fmxmdkdc
5000058367.839648,1660183500,aka-jfbld-fmxmdkdc
5000055578.106787,1659945900,aka-jfbld-fmxmdkdc
5000056335.06665,1659963000,aka-jfbld-fmxmdkdc
5000055442.612988,1660114800,aka-jfbld-fmxmdkdc
5000055125.333496,1659959400,aka-jfbld-fmxmdkdc
5000056001.600293,1660033200,aka-jfbld-fmxmdkdc
5335149416.0,1660209900,aka-jfbld-fmxmdkdc
5336490137.6,1660204500,aka-jfbld-fmxmdkdc
5000055279.893702,1660125600,aka-jfbld-fmxmdkdc
5338698611.2,1660213200,aka-jfbld-fmxmdkdc
5000055516.826757,1660141500,aka-jfbld-fmxmdkdc
5000054755.120508,1660150500,aka-jfbld-fmxmdkdc
5000012638.240039,1660187700,aka-jfbld-fmxmdkdc
5000000000.0,1660485000,aka-jfbld-fmxmdkdc
5000055017.413526,1660153800,aka-jfbld-fmxmdkdc
5340848565.6,1660220400,aka-jfbld-fmxmdkdc
5000055606.853808,1660023600,aka-jfbld-fmxmdkdc
5000055727.039844,1659992700,aka-jfbld-fmxmdkdc
5332364276.0,1660211100,aka-jfbld-fmxmdkdc
5000055613.840869,1660032600,aka-jfbld-fmxmdkdc
5000055042.933496,1660171200,aka-jfbld-fmxmdkdc
5000055239.412646,1660018800,aka-jfbld-fmxmdkdc
5000055519.040479,1660021800,aka-jfbld-fmxmdkdc
5000055707.973047,1660134600,aka-jfbld-fmxmdkdc
5000055141.599463,1659987600,aka-jfbld-fmxmdkdc
5000055938.694043,1660022400,aka-jfbld-fmxmdkdc
5344213302.4,1660207800,aka-jfbld-fmxmdkdc
5343979600.8,1660204200,aka-jfbld-fmxmdkdc
5000055959.066699,1660098000,aka-jfbld-fmxmdkdc
5341551740.0,1660228800,aka-jfbld-fmxmdkdc
5000054759.759766,1660087800,aka-jfbld-fmxmdkdc
5337529807.2,1660226400,aka-jfbld-fmxmdkdc
5000055658.292969,1660016700,aka-jfbld-fmxmdkdc
5334975885.6,1660218900,aka-jfbld-fmxmdkdc
5000055196.667089,1660127100,aka-jfbld-fmxmdkdc
5000064185.306933,1660185000,aka-jfbld-fmxmdkdc
5000056217.040235,1659992100,aka-jfbld-fmxmdkdc
5000055393.706738,1659985200,aka-jfbld-fmxmdkdc
5000055636.105517,1660064700,aka-jfbld-fmxmdkdc
5000054819.361084,1659992400,aka-jfbld-fmxmdkdc
5000055616.186572,1660091700,aka-jfbld-fmxmdkdc
5000054755.519434,1660112400,aka-jfbld-fmxmdkdc
5000055159.521045,1659996600,aka-jfbld-fmxmdkdc
5000056266.48086,1660022100,aka-jfbld-fmxmdkdc
5000054841.920459,1660124100,aka-jfbld-fmxmdkdc
5000056800.534131,1659973200,aka-jfbld-fmxmdkdc
5000055541.253125,1660182000,aka-jfbld-fmxmdkdc
5341016344.8,1660230300,aka-jfbld-fmxmdkdc
5000056582.106348,1659943200,aka-jfbld-fmxmdkdc
5000056839.066943,1659947100,aka-jfbld-fmxmdkdc
5000063389.705518,1660059900,aka-jfbld-fmxmdkdc
5000055999.866504,1659931800,aka-jfbld-fmxmdkdc
5000055804.32002,1659957600,aka-jfbld-fmxmdkdc
5000055323.733594,1659987000,aka-jfbld-fmxmdkdc
5337250779.2,1660215300,aka-jfbld-fmxmdkdc
5000055880.106543,1660033500,aka-jfbld-fmxmdkdc
5000054859.679639,1660148700,aka-jfbld-fmxmdkdc
5000055270.32124,1660134900,aka-jfbld-fmxmdkdc
5340816292.0,1660195500,aka-jfbld-fmxmdkdc
5000057137.306201,1659956400,aka-jfbld-fmxmdkdc
5000054496.639551,1660160400,aka-jfbld-fmxmdkdc
5000056113.279688,1659940200,aka-jfbld-fmxmdkdc
5000055833.11997,1659976500,aka-jfbld-fmxmdkdc
5000055469.386621,1660021500,aka-jfbld-fmxmdkdc
5000055745.866699,1659934200,aka-jfbld-fmxmdkdc
5000055736.452539,1659961500,aka-jfbld-fmxmdkdc
5000055733.813379,1660007700,aka-jfbld-fmxmdkdc
5000056956.933252,1659938400,aka-jfbld-fmxmdkdc
5000054509.919825,1660163400,aka-jfbld-fmxmdkdc
5000055432.453857,1660065900,aka-jfbld-fmxmdkdc
5341061343.2,1660207500,aka-jfbld-fmxmdkdc
5335730648.0,1660207200,aka-jfbld-fmxmdkdc
5000054882.933154,1660173000,aka-jfbld-fmxmdkdc
5000054802.240088,1660141200,aka-jfbld-fmxmdkdc
5342554213.6,1660218600,aka-jfbld-fmxmdkdc
5000055718.614161,1659967500,aka-jfbld-fmxmdkdc
5000056027.440625,1660108800,aka-jfbld-fmxmdkdc
5000056163.040088,1660137900,aka-jfbld-fmxmdkdc
5352382191.2,1660210500,aka-jfbld-fmxmdkdc
5000054496.239355,1660158000,aka-jfbld-fmxmdkdc
5000055522.079297,1660088700,aka-jfbld-fmxmdkdc
5000055329.62749,1660125000,aka-jfbld-fmxmdkdc
5000055660.426514,1660152600,aka-jfbld-fmxmdkdc
5000055964.906934,1660132800,aka-jfbld-fmxmdkdc
5333440772.8,1660205400,aka-jfbld-fmxmdkdc
5000056176.107813,1660140900,aka-jfbld-fmxmdkdc
5000055182.666797,1660161300,aka-jfbld-fmxmdkdc
5000055555.760986,1660043700,aka-jfbld-fmxmdkdc
5000055530.266113,1660036500,aka-jfbld-fmxmdkdc
5345683731.2,1660217100,aka-jfbld-fmxmdkdc
5000055972.506592,1660039200,aka-jfbld-fmxmdkdc
5000057684.026416,1659979500,aka-jfbld-fmxmdkdc
5000055973.43916,1659944700,aka-jfbld-fmxmdkdc
5000000000.0,1660722900,aka-jfbld-fmxmdkdc
5000058234.345752,1660183200,aka-jfbld-fmxmdkdc
5000055723.946436,1660080000,aka-jfbld-fmxmdkdc
5339656375.2,1660224900,aka-jfbld-fmxmdkdc
5000055502.986865,1659943500,aka-jfbld-fmxmdkdc
5000055052.959668,1660099200,aka-jfbld-fmxmdkdc
5000054606.827539,1660072200,aka-jfbld-fmxmdkdc
5000069087.973536,1660052700,aka-jfbld-fmxmdkdc
5000022523.146875,1660186500,aka-jfbld-fmxmdkdc
5000055829.813428,1659975900,aka-jfbld-fmxmdkdc
5000055025.332861,1660119000,aka-jfbld-fmxmdkdc
5341551412.8,1660200900,aka-jfbld-fmxmdkdc
5340394776.0,1660205700,aka-jfbld-fmxmdkdc
5000055534.50625,1659963600,aka-jfbld-fmxmdkdc
5000054824.559912,1660064400,aka-jfbld-fmxmdkdc
5338982888.0,1660212900,aka-jfbld-fmxmdkdc
5000056701.973877,1659933900,aka-jfbld-fmxmdkdc
5000000000.0,1660723800,aka-jfbld-fmxmdkdc
5000033214.960156,1659923100,aka-jfbld-fmxmdkdc
5000055628.799952,1659962400,aka-jfbld-fmxmdkdc
5000055926.266162,1659953400,aka-jfbld-fmxmdkdc
5000054967.066504,1660092300,aka-jfbld-fmxmdkdc
5000055854.000097,1660040100,aka-jfbld-fmxmdkdc
5000055276.374072,1660148400,aka-jfbld-fmxmdkdc
5000054851.920215,1660130700,aka-jfbld-fmxmdkdc
5000055184.505615,1660110600,aka-jfbld-fmxmdkdc
5000055820.32041,1660042500,aka-jfbld-fmxmdkdc
5000054802.186865,1660136400,aka-jfbld-fmxmdkdc
5000055994.826269,1660039500,aka-jfbld-fmxmdkdc
5000055417.893457,1660135200,aka-jfbld-fmxmdkdc
5331878784.0,1660215600,aka-jfbld-fmxmdkdc
5000055461.413623,1660030200,aka-jfbld-fmxmdkdc
5000000000.0,1660246800,aka-jfbld-fmxmdkdc
5000000000.0,1660719600,aka-jfbld-fmxmdkdc
5000057051.386377,1659956700,aka-jfbld-fmxmdkdc
5000055294.932714,1660089000,aka-jfbld-fmxmdkdc
5000055511.76001,1659988200,aka-jfbld-fmxmdkdc
5000055103.1463375,1659969300,aka-jfbld-fmxmdkdc
5000031750.7738285,1659925500,aka-jfbld-fmxmdkdc
5000056091.492969,1660004400,aka-jfbld-fmxmdkdc
5000055404.240186,1660125300,aka-jfbld-fmxmdkdc
5000056470.534327,1660048200,aka-jfbld-fmxmdkdc
5000056273.040332,1659966000,aka-jfbld-fmxmdkdc
5000055104.13374,1660157400,aka-jfbld-fmxmdkdc
5000032533.786718,1659923700,aka-jfbld-fmxmdkdc
5000055492.906347,1659937200,aka-jfbld-fmxmdkdc
5000055616.212891,1659971700,aka-jfbld-fmxmdkdc
5000055711.759326,1660170000,aka-jfbld-fmxmdkdc
5338914953.6,1660230600,aka-jfbld-fmxmdkdc
5000055341.093164,1660001700,aka-jfbld-fmxmdkdc
5000055384.666016,1660047900,aka-jfbld-fmxmdkdc
5000055459.252149,1660094400,aka-jfbld-fmxmdkdc
5000054733.97334,1660081500,aka-jfbld-fmxmdkdc
5000055780.0533695,1659941100,aka-jfbld-fmxmdkdc
5000000000.0,1660413000,aka-jfbld-fmxmdkdc
5341735284.0,1660198200,aka-jfbld-fmxmdkdc
5000055251.013428,1660173600,aka-jfbld-fmxmdkdc
5000055468.666455,1659987900,aka-jfbld-fmxmdkdc
5000056031.173243,1659936000,aka-jfbld-fmxmdkdc
5000055332.799512,1660116900,aka-jfbld-fmxmdkdc
5000107475.758692,1660106400,aka-jfbld-fmxmdkdc
5000000000.0,1660718100,aka-jfbld-fmxmdkdc
5338993197.6,1660226100,aka-jfbld-fmxmdkdc
5335116557.6,1660225200,aka-jfbld-fmxmdkdc
5000055973.520068,1660016400,aka-jfbld-fmxmdkdc
5000055904.133349,1659980100,aka-jfbld-fmxmdkdc
5342613013.6,1660219800,aka-jfbld-fmxmdkdc
5342680158.4,1660204800,aka-jfbld-fmxmdkdc
5339188979.2,1660212000,aka-jfbld-fmxmdkdc
5000056012.693555,1659957000,aka-jfbld-fmxmdkdc
5339774488.0,1660198500,aka-jfbld-fmxmdkdc
5000056287.306836,1660028400,aka-jfbld-fmxmdkdc
5000054863.066797,1659987300,aka-jfbld-fmxmdkdc
5000056190.959473,1659999300,aka-jfbld-fmxmdkdc
5000055556.426758,1660113900,aka-jfbld-fmxmdkdc
5000055835.653955,1659933000,aka-jfbld-fmxmdkdc
5000054788.000097,1660176000,aka-jfbld-fmxmdkdc
5000055348.880127,1660082700,aka-jfbld-fmxmdkdc
5000056132.346728,1660029300,aka-jfbld-fmxmdkdc
5000055294.3199215,1660042800,aka-jfbld-fmxmdkdc
5000055320.186426,1660108200,aka-jfbld-fmxmdkdc
5000060377.200098,1660055100,aka-jfbld-fmxmdkdc
5000056253.1733885,1660081200,aka-jfbld-fmxmdkdc
5000057266.613525,1660060500,aka-jfbld-fmxmdkdc
5000000000.0,1660722000,aka-jfbld-fmxmdkdc
5000066416.826465,1660185600,aka-jfbld-fmxmdkdc
5000056217.761133,1659939900,aka-jfbld-fmxmdkdc
5000000000.0,1660251000,aka-jfbld-fmxmdkdc
5346404943.2,1660201800,aka-jfbld-fmxmdkdc
5000054863.946485,1660145400,aka-jfbld-fmxmdkdc
5000000000.0,1660305900,aka-jfbld-fmxmdkdc
5344181997.6,1660221000,aka-jfbld-fmxmdkdc
5000055433.227344,1659993900,aka-jfbld-fmxmdkdc
5000055168.0533695,1660114500,aka-jfbld-fmxmdkdc
5000055351.946436,1660178400,aka-jfbld-fmxmdkdc
5000055298.213428,1660177800,aka-jfbld-fmxmdkdc
5000056820.559423,1660055700,aka-jfbld-fmxmdkdc
5000056702.506592,1659939000,aka-jfbld-fmxmdkdc
5342680588.0,1660218000,aka-jfbld-fmxmdkdc
5000055721.147412,1660018200,aka-jfbld-fmxmdkdc
5000055672.587891,1660071900,aka-jfbld-fmxmdkdc
5000055658.746045,1660011600,aka-jfbld-fmxmdkdc
5000057879.386767,1659954900,aka-jfbld-fmxmdkdc
5000055335.680127,1659984900,aka-jfbld-fmxmdkdc
5000069946.293554,1660051800,aka-jfbld-fmxmdkdc
5000055623.146826,1660156500,aka-jfbld-fmxmdkdc
5000055530.666992,1660133100,aka-jfbld-fmxmdkdc
5000031750.347061,1659924900,aka-jfbld-fmxmdkdc
5351494020.0,1660224600,aka-jfbld-fmxmdkdc
5337611924.8,1660223700,aka-jfbld-fmxmdkdc
5000055837.946338,1659995100,aka-jfbld-fmxmdkdc
5000054892.5863285,1660163700,aka-jfbld-fmxmdkdc
5000056065.306836,1659965100,aka-jfbld-fmxmdkdc
5000054908.505811,1659984000,aka-jfbld-fmxmdkdc
5000055831.386866,1659948600,aka-jfbld-fmxmdkdc
5000054599.600146,1660169700,aka-jfbld-fmxmdkdc
5000000000.0,1660425000,aka-jfbld-fmxmdkdc
5000055189.652539,1659938100,aka-jfbld-fmxmdkdc
5000055589.813037,1660069500,aka-jfbld-fmxmdkdc
5000909364.344482,1660192800,aka-jfbld-fmxmdkdc
5000055505.27876,1660162800,aka-jfbld-fmxmdkdc
5000000000.0,1660723200,aka-jfbld-fmxmdkdc
5000055166.238818,1660002300,aka-jfbld-fmxmdkdc
5000056568.000928,1659952500,aka-jfbld-fmxmdkdc
5000056526.666895,1659981600,aka-jfbld-fmxmdkdc
5000054640.613818,1660113600,aka-jfbld-fmxmdkdc
5000057682.692627,1660054500,aka-jfbld-fmxmdkdc
5000055111.733496,1660122000,aka-jfbld-fmxmdkdc
5000054733.9729,1660166100,aka-jfbld-fmxmdkdc
5000056540.427442,1660103400,aka-jfbld-fmxmdkdc
5340691716.0,1660194000,aka-jfbld-fmxmdkdc
5000055771.760839,1660041300,aka-jfbld-fmxmdkdc
5000055597.38623,1660019700,aka-jfbld-fmxmdkdc
5342512013.6,1660220100,aka-jfbld-fmxmdkdc
5000055296.959864,1660109400,aka-jfbld-fmxmdkdc
5000000000.0,1660419000,aka-jfbld-fmxmdkdc
5000055604.479199,1660068600,aka-jfbld-fmxmdkdc
5000000000.0,1660434900,aka-jfbld-fmxmdkdc
5347709865.6,1660208700,aka-jfbld-fmxmdkdc
5000017299.546875,1660186200,aka-jfbld-fmxmdkdc
5347174063.2,1660230900,aka-jfbld-fmxmdkdc
5000055774.667139,1660152000,aka-jfbld-fmxmdkdc
5000055654.266406,1659951000,aka-jfbld-fmxmdkdc
5000056111.173096,1659930300,aka-jfbld-fmxmdkdc
5000055705.066504,1659949200,aka-jfbld-fmxmdkdc
5000055317.013379,1660116300,aka-jfbld-fmxmdkdc
5000056271.012647,1659954000,aka-jfbld-fmxmdkdc
5342632470.4,1660196400,aka-jfbld-fmxmdkdc
5000055457.78584,1660066200,aka-jfbld-fmxmdkdc
5000056784.692676,1660024200,aka-jfbld-fmxmdkdc
5345385518.4,1660215900,aka-jfbld-fmxmdkdc
5000054993.4667,1660172400,aka-jfbld-fmxmdkdc
5000056219.333545,1659939300,aka-jfbld-fmxmdkdc
5000055465.253467,1660113000,aka-jfbld-fmxmdkdc
5340018028.8,1660209000,aka-jfbld-fmxmdkdc
5000055831.76001,1660177200,aka-jfbld-fmxmdkdc
5000055901.866943,1660136700,aka-jfbld-fmxmdkdc
5000054601.1729,1660151700,aka-jfbld-fmxmdkdc
5000055460.852392,1659973800,aka-jfbld-fmxmdkdc
5000055452.079541,1660036200,aka-jfbld-fmxmdkdc
5000054763.600098,1659994200,aka-jfbld-fmxmdkdc
5000034137.492865,1659923400,aka-jfbld-fmxmdkdc
5000054805.919873,1659989700,aka-jfbld-fmxmdkdc
5000055257.359961,1660003200,aka-jfbld-fmxmdkdc
5000054841.333545,1660078800,aka-jfbld-fmxmdkdc
5000055367.893359,1659969900,aka-jfbld-fmxmdkdc
5000055241.946533,1660082400,aka-jfbld-fmxmdkdc
5000055883.040772,1659945300,aka-jfbld-fmxmdkdc
5000055251.280273,1660095600,aka-jfbld-fmxmdkdc
5000056202.986572,1659977100,aka-jfbld-fmxmdkdc
5000054747.893359,1660069200,aka-jfbld-fmxmdkdc
5000056096.453272,1659942600,aka-jfbld-fmxmdkdc
5000056316.239795,1660025700,aka-jfbld-fmxmdkdc
5332923502.4,1660202100,aka-jfbld-fmxmdkdc
5000056436.747461,1660122300,aka-jfbld-fmxmdkdc
5346074172.8,1660219200,aka-jfbld-fmxmdkdc
5000054630.479151,1660174500,aka-jfbld-fmxmdkdc
5000055129.946142,1660073700,aka-jfbld-fmxmdkdc
5000055312.720118,1660082100,aka-jfbld-fmxmdkdc
5000055806.294092,1660101300,aka-jfbld-fmxmdkdc
5000054988.800537,1660132500,aka-jfbld-fmxmdkdc
5000055421.972998,1659937800,aka-jfbld-fmxmdkdc
5338187376.0,1660199700,aka-jfbld-fmxmdkdc
5336910889.6,1660209600,aka-jfbld-fmxmdkdc
5000055824.667236,1660129200,aka-jfbld-fmxmdkdc
5000055516.291797,1660085400,aka-jfbld-fmxmdkdc
5000056463.867285,1660117200,aka-jfbld-fmxmdkdc
5000054622.933691,1660158600,aka-jfbld-fmxmdkdc
5000055294.800342,1659933600,aka-jfbld-fmxmdkdc
5000056393.306348,1659968100,aka-jfbld-fmxmdkdc
5331263212.0,1660220700,aka-jfbld-fmxmdkdc
5000056081.920752,1660140000,aka-jfbld-fmxmdkdc
5000055427.813086,1659969600,aka-jfbld-fmxmdkdc
5000056245.626465,1659990000,aka-jfbld-fmxmdkdc
5000055598.240186,1659935400,aka-jfbld-fmxmdkdc
5000055130.639746,1659986100,aka-jfbld-fmxmdkdc
5000057163.519922,1659970200,aka-jfbld-fmxmdkdc
5000055090.267041,1660080600,aka-jfbld-fmxmdkdc
5000055478.719873,1660093200,aka-jfbld-fmxmdkdc
5000055321.626074,1660032000,aka-jfbld-fmxmdkdc
5000055490.8,1659936300,aka-jfbld-fmxmdkdc
5328905839.2,1660203600,aka-jfbld-fmxmdkdc
5000056749.6269045,1660041000,aka-jfbld-fmxmdkdc
5000055835.999951,1659958500,aka-jfbld-fmxmdkdc
5000054845.360107,1660095300,aka-jfbld-fmxmdkdc
5000056183.547022,1659930900,aka-jfbld-fmxmdkdc
5000055789.60039,1660005600,aka-jfbld-fmxmdkdc
5000055198.772901,1660074000,aka-jfbld-fmxmdkdc
5000056182.214209,1660118100,aka-jfbld-fmxmdkdc
5000055433.626221,1660179600,aka-jfbld-fmxmdkdc
5000054804.586426,1660083900,aka-jfbld-fmxmdkdc
5339194830.4,1660219500,aka-jfbld-fmxmdkdc
5000055948.560596,1660094700,aka-jfbld-fmxmdkdc
5000054608.159521,1660149300,aka-jfbld-fmxmdkdc
5000000000.0,1660348500,aka-jfbld-fmxmdkdc
5000056004.906201,1659951900,aka-jfbld-fmxmdkdc
5000054565.626172,1660159200,aka-jfbld-fmxmdkdc
5000055137.066748,1660115700,aka-jfbld-fmxmdkdc
5000054521.120214,1660164600,aka-jfbld-fmxmdkdc
5000055477.28125,1660000800,aka-jfbld-fmxmdkdc
5000055523.360156,1660065600,aka-jfbld-fmxmdkdc
5000055568.827197,1660042200,aka-jfbld-fmxmdkdc
5000055176.826757,1660129800,aka-jfbld-fmxmdkdc
5000055135.280225,1659979200,aka-jfbld-fmxmdkdc
5000055561.706836,1659957900,aka-jfbld-fmxmdkdc
5000056014.160254,1659930600,aka-jfbld-fmxmdkdc
5000061236.21333,1660059000,aka-jfbld-fmxmdkdc
5000056287.466797,1659980400,aka-jfbld-fmxmdkdc
5000054722.425928,1660083600,aka-jfbld-fmxmdkdc
5000053981.173437,1660167600,aka-jfbld-fmxmdkdc
5000055716.933594,1659966900,aka-jfbld-fmxmdkdc
5000054555.706983,1660140600,aka-jfbld-fmxmdkdc
5000055022.134326,1660004100,aka-jfbld-fmxmdkdc
5000056305.627393,1660031400,aka-jfbld-fmxmdkdc
5000055584.506787,1660038000,aka-jfbld-fmxmdkdc
5000000000.0,1660721700,aka-jfbld-fmxmdkdc
5000055461.89414,1660114200,aka-jfbld-fmxmdkdc
5000996834.65,1660192500,aka-jfbld-fmxmdkdc
5000000000.0,1660718400,aka-jfbld-fmxmdkdc
5000056340.879639,1660021200,aka-jfbld-fmxmdkdc
5000055048.400342,1660152900,aka-jfbld-fmxmdkdc
5000055096.267187,1660018500,aka-jfbld-fmxmdkdc
5000000000.0,1660578900,aka-jfbld-fmxmdkdc
5000054666.48042,1660141800,aka-jfbld-fmxmdkdc
5000056210.614209,1659984300,aka-jfbld-fmxmdkdc
5000069227.494482,1660052100,aka-jfbld-fmxmdkdc
5000055486.267187,1660022700,aka-jfbld-fmxmdkdc
5000055243.173877,1659993600,aka-jfbld-fmxmdkdc
5337950476.0,1660201200,aka-jfbld-fmxmdkdc
5000058363.06665,1660015200,aka-jfbld-fmxmdkdc
5000055354.47998,1660027800,aka-jfbld-fmxmdkdc
5000055858.267334,1660145100,aka-jfbld-fmxmdkdc
5000056311.199854,1659972300,aka-jfbld-fmxmdkdc
5000055932.479883,1660013700,aka-jfbld-fmxmdkdc
5336983911.2,1660210200,aka-jfbld-fmxmdkdc
5000055249.9470215,1660024500,aka-jfbld-fmxmdkdc
5000067774.532568,1660051500,aka-jfbld-fmxmdkdc
5000055505.973242,1659930000,aka-jfbld-fmxmdkdc
5000056069.786133,1660095900,aka-jfbld-fmxmdkdc
5000054696.960156,1660077300,aka-jfbld-fmxmdkdc
5000056649.54668,1660014900,aka-jfbld-fmxmdkdc
5000000000.0,1660365000,aka-jfbld-fmxmdkdc
5000055735.253858,1660072800,aka-jfbld-fmxmdkdc
5000055842.054395,1660061400,aka-jfbld-fmxmdkdc
5000055029.626562,1660165800,aka-jfbld-fmxmdkdc
5000055150.933398,1660010400,aka-jfbld-fmxmdkdc
5000055329.760205,1659990600,aka-jfbld-fmxmdkdc
5000182908.185938,1660188300,aka-jfbld-fmxmdkdc
5000056549.254004,1660030500,aka-jfbld-fmxmdkdc
5000055095.62705,1660034700,aka-jfbld-fmxmdkdc
5000055886.692383,1660121400,aka-jfbld-fmxmdkdc
5000055852.719971,1660037100,aka-jfbld-fmxmdkdc
5000054450.079785,1660175100,aka-jfbld-fmxmdkdc
5000055244.079297,1660065000,aka-jfbld-fmxmdkdc
5000055731.9998045,1660004700,aka-jfbld-fmxmdkdc
5338411850.4,1660202400,aka-jfbld-fmxmdkdc
5000064852.933154,1660185900,aka-jfbld-fmxmdkdc
5000055883.626465,1660020600,aka-jfbld-fmxmdkdc
5000055079.306494,1660173300,aka-jfbld-fmxmdkdc
5000055885.466944,1660092600,aka-jfbld-fmxmdkdc
5000056601.0935545,1659932100,aka-jfbld-fmxmdkdc
5000055424.852832,1659978900,aka-jfbld-fmxmdkdc
5000055857.199903,1660121100,aka-jfbld-fmxmdkdc
5000055414.613428,1660150800,aka-jfbld-fmxmdkdc
5336088707.2,1660223100,aka-jfbld-fmxmdkdc
5000055229.226367,1660001100,aka-jfbld-fmxmdkdc
5000055692.90625,1660121700,aka-jfbld-fmxmdkdc
5000055598.880322,1659960000,aka-jfbld-fmxmdkdc
5000050628.933252,1659928800,aka-jfbld-fmxmdkdc
5000054824.134082,1660169100,aka-jfbld-fmxmdkdc
5000055725.626709,1660034100,aka-jfbld-fmxmdkdc
5000056434.879786,1659969000,aka-jfbld-fmxmdkdc
5000054987.066699,1660128300,aka-jfbld-fmxmdkdc
5000055620.000293,1660048800,aka-jfbld-fmxmdkdc
5000161404.612915,1660193100,aka-jfbld-fmxmdkdc
5340417890.4,1660199100,aka-jfbld-fmxmdkdc
5000056017.947705,1659962700,aka-jfbld-fmxmdkdc
5000055224.159912,1660023900,aka-jfbld-fmxmdkdc
5000056063.86792,1660011300,aka-jfbld-fmxmdkdc
5000055789.866015,1660096500,aka-jfbld-fmxmdkdc
5000000000.0,1660587900,aka-jfbld-fmxmdkdc
5000056875.200244,1660036800,aka-jfbld-fmxmdkdc
5000056001.759717,1660137000,aka-jfbld-fmxmdkdc
5000055419.28042,1660045800,aka-jfbld-fmxmdkdc
5000054975.866211,1660123800,aka-jfbld-fmxmdkdc
5000055455.386767,1660002900,aka-jfbld-fmxmdkdc
5000055366.373096,1660020300,aka-jfbld-fmxmdkdc
5000055366.347509,1660020900,aka-jfbld-fmxmdkdc
5000049254.853418,1659926100,aka-jfbld-fmxmdkdc
5000055594.799072,1660146300,aka-jfbld-fmxmdkdc
5000056828.266993,1660034400,aka-jfbld-fmxmdkdc
5000055575.06665,1660140300,aka-jfbld-fmxmdkdc
5000056235.787451,1660027200,aka-jfbld-fmxmdkdc
5000055225.227783,1660154100,aka-jfbld-fmxmdkdc
5000054619.946875,1660172700,aka-jfbld-fmxmdkdc
5000054673.679199,1660080900,aka-jfbld-fmxmdkdc
5000054696.160596,1660178100,aka-jfbld-fmxmdkdc
5000055614.586865,1660090800,aka-jfbld-fmxmdkdc
5000054685.733301,1660137600,aka-jfbld-fmxmdkdc
5000056394.426074,1659951600,aka-jfbld-fmxmdkdc
5340467372.0,1660214400,aka-jfbld-fmxmdkdc
5000057189.812696,1660008900,aka-jfbld-fmxmdkdc
5000054988.107471,1660090500,aka-jfbld-fmxmdkdc
5000055146.799561,1660116600,aka-jfbld-fmxmdkdc
5000054471.306738,1660168500,aka-jfbld-fmxmdkdc
5000055390.93335,1660012200,aka-jfbld-fmxmdkdc
5345667313.6,1660224000,aka-jfbld-fmxmdkdc
5000056460.159863,1660047000,aka-jfbld-fmxmdkdc
5000056109.760547,1659965400,aka-jfbld-fmxmdkdc
5000056586.720703,1660015500,aka-jfbld-fmxmdkdc
5000055394.559863,1659982200,aka-jfbld-fmxmdkdc
5000054537.386866,1660083000,aka-jfbld-fmxmdkdc
5000055615.920557,1660029000,aka-jfbld-fmxmdkdc
5000057403.252783,1659955800,aka-jfbld-fmxmdkdc
5000056477.785889,1660050300,aka-jfbld-fmxmdkdc
5000056033.146875,1660040700,aka-jfbld-fmxmdkdc
5000055256.933985,1660101600,aka-jfbld-fmxmdkdc
5000055599.81294,1659974400,aka-jfbld-fmxmdkdc
5347434303.2,1660197900,aka-jfbld-fmxmdkdc
5000055664.213574,1660028700,aka-jfbld-fmxmdkdc
5000000000.0,1660338900,aka-jfbld-fmxmdkdc
5342548324.0,1660198800,aka-jfbld-fmxmdkdc
5000056492.746533,1659982500,aka-jfbld-fmxmdkdc
5342521966.4,1660215000,aka-jfbld-fmxmdkdc
5000056483.973193,1659946800,aka-jfbld-fmxmdkdc
5000055999.493311,1660123200,aka-jfbld-fmxmdkdc
5000063769.199707,1660058100,aka-jfbld-fmxmdkdc
5340786484.8,1660211400,aka-jfbld-fmxmdkdc
5000056113.09209,1660084500,aka-jfbld-fmxmdkdc
5000055723.119532,1660190700,aka-jfbld-fmxmdkdc
5000055158.826904,1659972900,aka-jfbld-fmxmdkdc
5000055637.652783,1660017300,aka-jfbld-fmxmdkdc
5000055057.279932,1660118700,aka-jfbld-fmxmdkdc
5000054800.399365,1660179300,aka-jfbld-fmxmdkdc
5000055822.586279,1659935100,aka-jfbld-fmxmdkdc
5000056203.173437,1659990900,aka-jfbld-fmxmdkdc
5339350347.2,1660229400,aka-jfbld-fmxmdkdc
5000054650.294062,1660188000,aka-jfbld-fmxmdkdc
5000056107.172607,1660035600,aka-jfbld-fmxmdkdc
5000055074.48081,1660122900,aka-jfbld-fmxmdkdc
5000063619.574316,1660185300,aka-jfbld-fmxmdkdc
5333199610.4,1660206900,aka-jfbld-fmxmdkdc
5000055167.386279,1660181400,aka-jfbld-fmxmdkdc
5000056974.186914,1660147200,aka-jfbld-fmxmdkdc
5000054699.972998,1660170900,aka-jfbld-fmxmdkdc
5000059718.959814,1660056600,aka-jfbld-fmxmdkdc
5000056159.599951,1660038600,aka-jfbld-fmxmdkdc
5000055899.654444,1660135500,aka-jfbld-fmxmdkdc
5000054971.067041,1660156800,aka-jfbld-fmxmdkdc
5000055519.787842,1659937500,aka-jfbld-fmxmdkdc
5000055892.212842,1660153500,aka-jfbld-fmxmdkdc
5000056074.772558,1659961800,aka-jfbld-fmxmdkdc
5000000000.0,1660703400,aka-jfbld-fmxmdkdc
5000049873.466504,1659926700,aka-jfbld-fmxmdkdc
5000054981.653125,1660191000,aka-jfbld-fmxmdkdc
5000055122.640088,1660085100,aka-jfbld-fmxmdkdc
5000055341.4935055,1660100400,aka-jfbld-fmxmdkdc
5000056532.933398,1659949500,aka-jfbld-fmxmdkdc
5000056066.239746,1660005000,aka-jfbld-fmxmdkdc
5000054670.47998,1660110300,aka-jfbld-fmxmdkdc
5000055067.066455,1660122600,aka-jfbld-fmxmdkdc
5336482869.6,1660229700,aka-jfbld-fmxmdkdc
5000033301.119922,1659924000,aka-jfbld-fmxmdkdc
5000055782.639404,1660047600,aka-jfbld-fmxmdkdc
5000054962.507129,1660124700,aka-jfbld-fmxmdkdc
5000056182.639844,1659997200,aka-jfbld-fmxmdkdc
5000055500.506836,1660130400,aka-jfbld-fmxmdkdc
5000056968.693408,1659955500,aka-jfbld-fmxmdkdc
5000056267.253906,1660002600,aka-jfbld-fmxmdkdc
5000055888.639063,1660008300,aka-jfbld-fmxmdkdc
5346109828.0,1660221600,aka-jfbld-fmxmdkdc
5000055562.693115,1660050900,aka-jfbld-fmxmdkdc
5000056183.892187,1659976200,aka-jfbld-fmxmdkdc
5000056032.853027,1659935700,aka-jfbld-fmxmdkdc
5000055935.439649,1659971400,aka-jfbld-fmxmdkdc
5332548087.2,1660228500,aka-jfbld-fmxmdkdc
5000055394.693457,1660151100,aka-jfbld-fmxmdkdc
5000056384.079199,1660112100,aka-jfbld-fmxmdkdc
5000000000.0,1660723500,aka-jfbld-fmxmdkdc
5000055874.826953,1660147500,aka-jfbld-fmxmdkdc
5000056485.920215,1659929700,aka-jfbld-fmxmdkdc
5000055236.48081,1660156200,aka-jfbld-fmxmdkdc
5000055827.6265135,1660115100,aka-jfbld-fmxmdkdc
5000055042.880078,1660134300,aka-jfbld-fmxmdkdc
5340329996.0,1660200000,aka-jfbld-fmxmdkdc
5000056411.9199705,1660035000,aka-jfbld-fmxmdkdc
5000054910.746923,1659991800,aka-jfbld-fmxmdkdc
5000055280.293213,1660044600,aka-jfbld-fmxmdkdc
5000055764.160205,1659966300,aka-jfbld-fmxmdkdc
5000055356.720068,1660066500,aka-jfbld-fmxmdkdc
5000000000.0,1660491000,aka-jfbld-fmxmdkdc
5000055954.238428,1659964500,aka-jfbld-fmxmdkdc
5327584009.6,1660222800,aka-jfbld-fmxmdkdc
5000055739.093164,1660024800,aka-jfbld-fmxmdkdc
5000056155.252539,1659999600,aka-jfbld-fmxmdkdc
5000055353.706202,1660097100,aka-jfbld-fmxmdkdc
5000055095.519483,1660178700,aka-jfbld-fmxmdkdc
5338970360.0,1660211700,aka-jfbld-fmxmdkdc
5000055840.186279,1660003500,aka-jfbld-fmxmdkdc
5000056214.800146,1659958800,aka-jfbld-fmxmdkdc
5000056082.5875,1660120200,aka-jfbld-fmxmdkdc
5000054621.065722,1660086000,aka-jfbld-fmxmdkdc
5000056492.666944,1659963300,aka-jfbld-fmxmdkdc
5000055682.106348,1660089900,aka-jfbld-fmxmdkdc
5000057266.026416,1660182900,aka-jfbld-fmxmdkdc
5000055402.106738,1660025400,aka-jfbld-fmxmdkdc
5000056123.865479,1659954300,aka-jfbld-fmxmdkdc
5000000000.0,1660720200,aka-jfbld-fmxmdkdc
5000055865.440674,1659989400,aka-jfbld-fmxmdkdc
5000055023.22666,1660005300,aka-jfbld-fmxmdkdc
5000056897.78667,1660038900,aka-jfbld-fmxmdkdc
5309722309.973437,1660193400,aka-jfbld-fmxmdkdc
5343793360.8,1660203000,aka-jfbld-fmxmdkdc
5000000000.0,1660603500,aka-jfbld-fmxmdkdc
5000050387.973047,1659928200,aka-jfbld-fmxmdkdc
5000054894.826513,1660149000,aka-jfbld-fmxmdkdc
5000055479.626269,1660041600,aka-jfbld-fmxmdkdc
5000056478.480322,1660026300,aka-jfbld-fmxmdkdc
5335974054.4,1660195800,aka-jfbld-fmxmdkdc
5000054799.040235,1660139400,aka-jfbld-fmxmdkdc
5000055067.840039,1660151400,aka-jfbld-fmxmdkdc
5000055385.25459,1660011000,aka-jfbld-fmxmdkdc
5000055375.893994,1660127700,aka-jfbld-fmxmdkdc
5000056189.786718,1659970800,aka-jfbld-fmxmdkdc
5000055899.972608,1659940800,aka-jfbld-fmxmdkdc
5000055831.119776,1660013400,aka-jfbld-fmxmdkdc
5000000000.0,1660707900,aka-jfbld-fmxmdkdc
5000056195.707422,1660031700,aka-jfbld-fmxmdkdc
5000056216.906641,1659952800,aka-jfbld-fmxmdkdc
5000055497.252246,1660100100,aka-jfbld-fmxmdkdc
5000055040.50664,1660128000,aka-jfbld-fmxmdkdc
5000054691.386816,1660111200,aka-jfbld-fmxmdkdc
5000055587.280127,1660088100,aka-jfbld-fmxmdkdc
5000000000.0,1660716900,aka-jfbld-fmxmdkdc
5000056283.306982,1659983400,aka-jfbld-fmxmdkdc
5000000000.0,1660717200,aka-jfbld-fmxmdkdc
5000054911.466064,1660014300,aka-jfbld-fmxmdkdc
5000055602.827344,1660013100,aka-jfbld-fmxmdkdc
5000054785.947901,1660144500,aka-jfbld-fmxmdkdc
5000055653.547022,1659948900,aka-jfbld-fmxmdkdc
5000100915.626709,1659922800,aka-jfbld-fmxmdkdc
5000055587.600683,1659999000,aka-jfbld-fmxmdkdc
5000000000.0,1660717500,aka-jfbld-fmxmdkdc
5000062965.226074,1660058400,aka-jfbld-fmxmdkdc
5338461639.2,1660217700,aka-jfbld-fmxmdkdc
5000054930.426221,1660094100,aka-jfbld-fmxmdkdc
5000056447.44043,1660032900,aka-jfbld-fmxmdkdc
5000063345.04043,1660058700,aka-jfbld-fmxmdkdc
5000055597.172363,1660160700,aka-jfbld-fmxmdkdc
5000055276.852442,1660123500,aka-jfbld-fmxmdkdc
5341539448.8,1660197600,aka-jfbld-fmxmdkdc
5334594636.8,1660206300,aka-jfbld-fmxmdkdc
5000056915.22627,1659977400,aka-jfbld-fmxmdkdc
5000055808.106445,1659966600,aka-jfbld-fmxmdkdc
5000000000.0,1660329900,aka-jfbld-fmxmdkdc
5000055641.599902,1660000200,aka-jfbld-fmxmdkdc
5000055752.852979,1659942000,aka-jfbld-fmxmdkdc
5339361011.2,1660212300,aka-jfbld-fmxmdkdc
5345225059.2,1660228200,aka-jfbld-fmxmdkdc
5000055555.97378,1659986700,aka-jfbld-fmxmdkdc
5000055356.293262,1660047300,aka-jfbld-fmxmdkdc
5000056191.706494,1660138800,aka-jfbld-fmxmdkdc
5000056013.866699,1659995700,aka-jfbld-fmxmdkdc
5000055110.505664,1660147800,aka-jfbld-fmxmdkdc
5000056163.013428,1660001400,aka-jfbld-fmxmdkdc
5000056496.906103,1659963900,aka-jfbld-fmxmdkdc
5000056508.053027,1659950400,aka-jfbld-fmxmdkdc
5000056278.426318,1659956100,aka-jfbld-fmxmdkdc
5000055157.333593,1660153200,aka-jfbld-fmxmdkdc
5333855622.4,1660208400,aka-jfbld-fmxmdkdc
5000056259.840479,1660037700,aka-jfbld-fmxmdkdc
5000067645.573095,1660191300,aka-jfbld-fmxmdkdc
5000056126.720459,1660043100,aka-jfbld-fmxmdkdc
5000056238.5863285,1659959700,aka-jfbld-fmxmdkdc
5000055610.292871,1659978000,aka-jfbld-fmxmdkdc
5343737001.6,1660227900,aka-jfbld-fmxmdkdc
5000054941.812841,1660139100,aka-jfbld-fmxmdkdc
5000055119.467138,1659981000,aka-jfbld-fmxmdkdc
5000055944.560547,1660049700,aka-jfbld-fmxmdkdc
5000055412.852344,1660097700,aka-jfbld-fmxmdkdc
5000055441.652491,1660143300,aka-jfbld-fmxmdkdc
5000055265.013525,1660132200,aka-jfbld-fmxmdkdc
5000055410.719141,1660099500,aka-jfbld-fmxmdkdc
5000054672.959912,1660145700,aka-jfbld-fmxmdkdc
5000055816.720312,1660044000,aka-jfbld-fmxmdkdc
5000056237.732275,1660074900,aka-jfbld-fmxmdkdc
5000054657.97373,1660166400,aka-jfbld-fmxmdkdc
5000054791.866992,1660118400,aka-jfbld-fmxmdkdc
5000055693.120166,1659941700,aka-jfbld-fmxmdkdc
5000054904.053174,1660078500,aka-jfbld-fmxmdkdc
5000052294.453906,1660189200,aka-jfbld-fmxmdkdc
5332193571.2,1660197300,aka-jfbld-fmxmdkdc
5000054991.040772,1660130100,aka-jfbld-fmxmdkdc
5000056654.1875,1660105500,aka-jfbld-fmxmdkdc
5334788308.8,1660209300,aka-jfbld-fmxmdkdc
5000056473.280176,1660039800,aka-jfbld-fmxmdkdc
5341935657.6,1660193700,aka-jfbld-fmxmdkdc
5000055198.320605,1660109100,aka-jfbld-fmxmdkdc
5000067385.600146,1660053000,aka-jfbld-fmxmdkdc
5000056071.198584,1660049400,aka-jfbld-fmxmdkdc
5000056132.346436,1659958200,aka-jfbld-fmxmdkdc
5000055876.266699,1660017000,aka-jfbld-fmxmdkdc
5000000000.0,1660314900,aka-jfbld-fmxmdkdc
5342925580.0,1660225500,aka-jfbld-fmxmdkdc
5335762247.2,1660224300,aka-jfbld-fmxmdkdc
5000055773.786768,1659938700,aka-jfbld-fmxmdkdc
5000054888.373487,1660174800,aka-jfbld-fmxmdkdc
5000056512.827002,1660020000,aka-jfbld-fmxmdkdc
5000055572.906397,1660008600,aka-jfbld-fmxmdkdc
5000055298.533056,1659988500,aka-jfbld-fmxmdkdc
5000055219.146533,1660139700,aka-jfbld-fmxmdkdc
5000055685.892578,1660096200,aka-jfbld-fmxmdkdc
5000055790.42539,1659968400,aka-jfbld-fmxmdkdc
5000000000.0,1660497000,aka-jfbld-fmxmdkdc
5000055508.692822,1660099800,aka-jfbld-fmxmdkdc
5000055296.560254,1660119900,aka-jfbld-fmxmdkdc
5000055202.559522,1660046700,aka-jfbld-fmxmdkdc
5000000000.0,1660721400,aka-jfbld-fmxmdkdc
5000055596.826367,1660181700,aka-jfbld-fmxmdkdc
5000055868.213086,1660105200,aka-jfbld-fmxmdkdc
5000000000.0,1660717800,aka-jfbld-fmxmdkdc
5000056519.680176,1659960900,aka-jfbld-fmxmdkdc
5344926966.4,1660214700,aka-jfbld-fmxmdkdc
5000055470.399511,1660087500,aka-jfbld-fmxmdkdc
5000055297.840185,1660092900,aka-jfbld-fmxmdkdc
5345765166.4,1660229100,aka-jfbld-fmxmdkdc
5000053975.120166,1660161900,aka-jfbld-fmxmdkdc
5000055238.133936,1660040400,aka-jfbld-fmxmdkdc
5000055162.720264,1660061100,aka-jfbld-fmxmdkdc
5000054833.386816,1660062900,aka-jfbld-fmxmdkdc
5337870692.8,1660202700,aka-jfbld-fmxmdkdc
5000055906.693799,1660023300,aka-jfbld-fmxmdkdc
5000055882.50708,1660026900,aka-jfbld-fmxmdkdc
5000054599.1463375,1660163100,aka-jfbld-fmxmdkdc
5000054160.29336,1660162500,aka-jfbld-fmxmdkdc
5000056285.414063,1660190400,aka-jfbld-fmxmdkdc
5000054788.612988,1660149900,aka-jfbld-fmxmdkdc
5000055098.960302,1659990300,aka-jfbld-fmxmdkdc
5000055380.532764,1660106100,aka-jfbld-fmxmdkdc
5332126796.8,1660227600,aka-jfbld-fmxmdkdc
5000055143.200147,1660176900,aka-jfbld-fmxmdkdc
5000055374.212939,1659974100,aka-jfbld-fmxmdkdc
5000055589.093359,1660068300,aka-jfbld-fmxmdkdc
5000054748.693604,1660117800,aka-jfbld-fmxmdkdc
5000054788.87998,1660093500,aka-jfbld-fmxmdkdc
5000055607.361231,1660179000,aka-jfbld-fmxmdkdc
5000056054.480371,1660000500,aka-jfbld-fmxmdkdc
5000055524.239355,1660086600,aka-jfbld-fmxmdkdc
5000056118.186768,1660107300,aka-jfbld-fmxmdkdc
5000055673.413672,1659973500,aka-jfbld-fmxmdkdc
5000032476.079687,1659924600,aka-jfbld-fmxmdkdc
5000055262.266602,1660087200,aka-jfbld-fmxmdkdc
5000058512.534424,1660182300,aka-jfbld-fmxmdkdc
5000054619.599805,1660175700,aka-jfbld-fmxmdkdc
5000055336.240674,1660133400,aka-jfbld-fmxmdkdc
5342354473.6,1660223400,aka-jfbld-fmxmdkdc
5000056111.173975,1660159500,aka-jfbld-fmxmdkdc
5000065631.012695,1660107900,aka-jfbld-fmxmdkdc
5000049531.306592,1659927900,aka-jfbld-fmxmdkdc
5000055546.320996,1660149600,aka-jfbld-fmxmdkdc
5000056322.906543,1660104000,aka-jfbld-fmxmdkdc
5000050481.118994,1659928500,aka-jfbld-fmxmdkdc
5000055154.319287,1660180800,aka-jfbld-fmxmdkdc
5000050407.199804,1659926400,aka-jfbld-fmxmdkdc
5333451192.8,1660201500,aka-jfbld-fmxmdkdc
5000056376.293554,1659946500,aka-jfbld-fmxmdkdc
5334822348.8,1660210800,aka-jfbld-fmxmdkdc
5000055143.813086,1659998100,aka-jfbld-fmxmdkdc
5000056490.959521,1659948300,aka-jfbld-fmxmdkdc
5000055623.546534,1660060800,aka-jfbld-fmxmdkdc
5000054885.9203615,1660073400,aka-jfbld-fmxmdkdc
5000055888.133594,1660067400,aka-jfbld-fmxmdkdc
5000056027.306348,1659936600,aka-jfbld-fmxmdkdc
5000054969.439453,1660171800,aka-jfbld-fmxmdkdc
5000056200.347168,1660015800,aka-jfbld-fmxmdkdc
5000056224.053027,1660077000,aka-jfbld-fmxmdkdc
5000055429.786572,1660079100,aka-jfbld-fmxmdkdc
5000054932.212988,1660095000,aka-jfbld-fmxmdkdc
5000055354.961133,1660177500,aka-jfbld-fmxmdkdc
5000056055.013428,1659978600,aka-jfbld-fmxmdkdc
5000056359.919189,1659945000,aka-jfbld-fmxmdkdc
5000055605.147217,1659991500,aka-jfbld-fmxmdkdc
5000055631.253174,1660012800,aka-jfbld-fmxmdkdc
5000055488.373632,1660038300,aka-jfbld-fmxmdkdc
5000055190.294092,1659994500,aka-jfbld-fmxmdkdc
5000056235.573194,1659998400,aka-jfbld-fmxmdkdc
5000056410.160352,1659950100,aka-jfbld-fmxmdkdc
5000062793.839697,1660057500,aka-jfbld-fmxmdkdc
5000055548.986231,1660167000,aka-jfbld-fmxmdkdc
5000000000.0,1660437000,aka-jfbld-fmxmdkdc
5001659069.870313,1660191600,aka-jfbld-fmxmdkdc
5000055126.399756,1660017600,aka-jfbld-fmxmdkdc
5000055421.200439,1659982800,aka-jfbld-fmxmdkdc
5339329892.8,1660205100,aka-jfbld-fmxmdkdc
5000056122.346045,1660016100,aka-jfbld-fmxmdkdc
5000055011.0394535,1659948000,aka-jfbld-fmxmdkdc
5000055831.839941,1660098300,aka-jfbld-fmxmdkdc
5000056298.186328,1659970500,aka-jfbld-fmxmdkdc
5346260610.4,1660212600,aka-jfbld-fmxmdkdc
5000055394.880322,1660032300,aka-jfbld-fmxmdkdc
5000054058.90625,1660189500,aka-jfbld-fmxmdkdc
5000057380.427099,1660054200,aka-jfbld-fmxmdkdc
5000127423.123218,1660104300,aka-jfbld-fmxmdkdc
5000056430.772949,1660057800,aka-jfbld-fmxmdkdc
5000000000.0,1660719000,aka-jfbld-fmxmdkdc
5000055642.560107,1660006800,aka-jfbld-fmxmdkdc
5000056329.653662,1660103100,aka-jfbld-fmxmdkdc
5000055124.45376,1660074300,aka-jfbld-fmxmdkdc
5000000000.0,1660722300,aka-jfbld-fmxmdkdc
5000055364.320264,1659997800,aka-jfbld-fmxmdkdc
5000055746.159765,1660033800,aka-jfbld-fmxmdkdc
5000054984.694677,1659994800,aka-jfbld-fmxmdkdc
5000000000.0,1660667400,aka-jfbld-fmxmdkdc
5000054971.492773,1660131900,aka-jfbld-fmxmdkdc
5000054725.199951,1660075500,aka-jfbld-fmxmdkdc
5000050272.639893,1659927300,aka-jfbld-fmxmdkdc
5000055755.600195,1660089300,aka-jfbld-fmxmdkdc
5000056183.838964,1660098600,aka-jfbld-fmxmdkdc
5000057115.893164,1660104900,aka-jfbld-fmxmdkdc
5000054585.173437,1660084800,aka-jfbld-fmxmdkdc
5000055654.933594,1660006200,aka-jfbld-fmxmdkdc
5000000000.0,1660445100,aka-jfbld-fmxmdkdc
5000055137.253613,1659957300,aka-jfbld-fmxmdkdc
5000054565.9199705,1660146900,aka-jfbld-fmxmdkdc
5000056161.760401,1659929400,aka-jfbld-fmxmdkdc
5342345363.2,1660197000,aka-jfbld-fmxmdkdc
5000055269.440039,1660062000,aka-jfbld-fmxmdkdc
5001163293.3828125,1660192200,aka-jfbld-fmxmdkdc
5000000000.0,1660261800,aka-jfbld-fmxmdkdc
5001219517.490625,1660191900,aka-jfbld-fmxmdkdc
5000054061.306104,1660164300,aka-jfbld-fmxmdkdc
5000056186.479589,1659944100,aka-jfbld-fmxmdkdc
5000054811.013575,1660078200,aka-jfbld-fmxmdkdc
5000055515.519922,1660006500,aka-jfbld-fmxmdkdc
5000054471.414209,1660165200,aka-jfbld-fmxmdkdc
5344335468.8,1660206600,aka-jfbld-fmxmdkdc
5000055901.83916,1660028100,aka-jfbld-fmxmdkdc
5000055801.94668,1659975300,aka-jfbld-fmxmdkdc
5000056970.133692,1660183800,aka-jfbld-fmxmdkdc
5000057179.227735,1660106700,aka-jfbld-fmxmdkdc
5000055049.440039,1660071000,aka-jfbld-fmxmdkdc
5000056057.092725,1660037400,aka-jfbld-fmxmdkdc
5000055597.893652,1659942300,aka-jfbld-fmxmdkdc
5000056101.040625,1659972000,aka-jfbld-fmxmdkdc
5000055261.706787,1660088400,aka-jfbld-fmxmdkdc
5000056064.613184,1659934500,aka-jfbld-fmxmdkdc
5000055764.266846,1659983700,aka-jfbld-fmxmdkdc
5000065596.454737,1659952200,aka-jfbld-fmxmdkdc
5000000000.0,1660276800,aka-jfbld-fmxmdkdc
5000055426.293017,1660064100,aka-jfbld-fmxmdkdc
5000055931.920557,1660126800,aka-jfbld-fmxmdkdc
5340349192.8,1660200600,aka-jfbld-fmxmdkdc
5000055960.773974,1659940500,aka-jfbld-fmxmdkdc
5000055002.774511,1660164900,aka-jfbld-fmxmdkdc
5000055675.414111,1660158300,aka-jfbld-fmxmdkdc
5000055957.120557,1659931200,aka-jfbld-fmxmdkdc
5000054696.987061,1660062300,aka-jfbld-fmxmdkdc
5000056764.213282,1660100700,aka-jfbld-fmxmdkdc
5000061736.987012,1660056300,aka-jfbld-fmxmdkdc
5342829757.6,1660225800,aka-jfbld-fmxmdkdc
5000056098.506495,1660110900,aka-jfbld-fmxmdkdc
5000054516.986328,1660173900,aka-jfbld-fmxmdkdc
5000055434.266504,1660076100,aka-jfbld-fmxmdkdc
5000056357.040088,1659974700,aka-jfbld-fmxmdkdc
5000055584.079737,1660076700,aka-jfbld-fmxmdkdc
5000056040.7738285,1659985800,aka-jfbld-fmxmdkdc
5000055687.412695,1659996900,aka-jfbld-fmxmdkdc
5000054312.80083,1660165500,aka-jfbld-fmxmdkdc
5000056011.493311,1660019100,aka-jfbld-fmxmdkdc
5000054879.439746,1660079700,aka-jfbld-fmxmdkdc
5000055337.89375,1659995400,aka-jfbld-fmxmdkdc
5000055030.160498,1660070100,aka-jfbld-fmxmdkdc
5000128140.771068,1660102500,aka-jfbld-fmxmdkdc
5000054971.412646,1660115400,aka-jfbld-fmxmdkdc
5000056068.452832,1660070700,aka-jfbld-fmxmdkdc
5000055606.346387,1659979800,aka-jfbld-fmxmdkdc
5000055661.600683,1659975600,aka-jfbld-fmxmdkdc
5000056852.773145,1660011900,aka-jfbld-fmxmdkdc
5000056354.560254,1660017900,aka-jfbld-fmxmdkdc
5000056070.826319,1659971100,aka-jfbld-fmxmdkdc
5000062776.640332,1660056000,aka-jfbld-fmxmdkdc
5000056582.479932,1659934800,aka-jfbld-fmxmdkdc
5000055723.974609,1660157700,aka-jfbld-fmxmdkdc
5000061757.440478,1660054800,aka-jfbld-fmxmdkdc
5000056087.333252,1660124400,aka-jfbld-fmxmdkdc
5000055261.279981,1660026600,aka-jfbld-fmxmdkdc
5000055230.37334,1660120500,aka-jfbld-fmxmdkdc
5000055874.29375,1660083300,aka-jfbld-fmxmdkdc
5000056803.119776,1660102200,aka-jfbld-fmxmdkdc
5335753785.6,1660206000,aka-jfbld-fmxmdkdc
5000056072.239843,1659967200,aka-jfbld-fmxmdkdc
5000055107.652392,1659942900,aka-jfbld-fmxmdkdc
5000045537.439505,1659925800,aka-jfbld-fmxmdkdc
5000057234.398926,1659946200,aka-jfbld-fmxmdkdc
5000047743.200391,1659924300,aka-jfbld-fmxmdkdc
5000054773.520264,1660071600,aka-jfbld-fmxmdkdc
5000054750.906641,1660164000,aka-jfbld-fmxmdkdc
5000055635.65332,1660009200,aka-jfbld-fmxmdkdc
5000054998.293848,1660081800,aka-jfbld-fmxmdkdc
5000056490.400488,1659950700,aka-jfbld-fmxmdkdc
5333959264.8,1660221900,aka-jfbld-fmxmdkdc
5000057389.973193,1660055400,aka-jfbld-fmxmdkdc
5000055563.973681,1660069800,aka-jfbld-fmxmdkdc
5000055286.85332,1660043400,aka-jfbld-fmxmdkdc
5000000000.0,1660719900,aka-jfbld-fmxmdkdc
5000055369.333155,1660143600,aka-jfbld-fmxmdkdc
5000055343.334424,1660154400,aka-jfbld-fmxmdkdc
5000056647.572949,1660184400,aka-jfbld-fmxmdkdc
5000065030.586084,1660053300,aka-jfbld-fmxmdkdc
5000055878.693555,1659947700,aka-jfbld-fmxmdkdc
5000057254.666211,1660103700,aka-jfbld-fmxmdkdc
5000055356.880224,1659978300,aka-jfbld-fmxmdkdc
5000061548.69414,1660053600,aka-jfbld-fmxmdkdc
